ENSEMBL,ENTREZID,SYMBOL
ENSG00000213741,6235,RPS29
ENSG00000228253,4509,ATP8
ENSG00000198840,4537,ND3
ENSG00000166441,6157,RPL27A
ENSG00000075624,60,ACTB
ENSG00000205542,7114,TMSB4X
ENSG00000112306,6206,RPS12
ENSG00000137818,6176,RPLP1
ENSG00000197756,6168,RPL37A
ENSG00000198712,4513,COX2
ENSG00000138326,6229,RPS24
ENSG00000233927,6234,RPS28
ENSG00000143947,6233,RPS27A
ENSG00000149806,2197,FAU
ENSG00000161970,6154,RPL26
ENSG00000019582,972,CD74
ENSG00000198804,4512,COX1
ENSG00000198763,4536,ND2
ENSG00000133112,7178,TPT1
ENSG00000142534,6205,RPS11
ENSG00000142937,6202,RPS8
ENSG00000166710,567,B2M
ENSG00000137154,6194,RPS6
ENSG00000172809,6169,RPL38
ENSG00000144713,6161,RPL32
ENSG00000149273,6188,RPS3
ENSG00000008988,6224,RPS20
ENSG00000125691,9349,RPL23
ENSG00000198899,4508,ATP6
ENSG00000145592,6167,RPL37
ENSG00000105193,6217,RPS16
ENSG00000122406,6125,RPL5
ENSG00000182899,6165,RPL35A
ENSG00000087086,2512,FTL
ENSG00000171858,6227,RPS21
ENSG00000167658,1938,EEF2
ENSG00000177954,6232,RPS27
ENSG00000034510,9168,TMSB10
ENSG00000198727,4519,CYTB
ENSG00000142669,83442,SH3BGRL3
ENSG00000132475,3021,H3-3B
ENSG00000111348,397,ARHGDIB
ENSG00000108518,5216,PFN1
ENSG00000198918,6170,RPL39
ENSG00000198886,4538,ND4
ENSG00000063177,6141,RPL18
ENSG00000051523,1535,CYBA
ENSG00000131469,6155,RPL27
ENSG00000196924,2316,FLNA
ENSG00000156508,1915,EEF1A1
ENSG00000142676,6135,RPL11
ENSG00000198938,4514,COX3
ENSG00000090382,4069,LYZ
ENSG00000148303,6130,RPL7A
ENSG00000197746,5660,PSAP
ENSG00000108654,1655,DDX5
ENSG00000167283,10632,ATP5MG
ENSG00000142541,23521,RPL13A
ENSG00000204628,10399,RACK1
ENSG00000130066,6303,SAT1
ENSG00000143546,6279,S100A8
ENSG00000071082,6160,RPL31
ENSG00000198242,6147,RPL23A
ENSG00000164587,6208,RPS14
ENSG00000187514,5757,PTMA
ENSG00000169442,1043,CD52
ENSG00000108298,6143,RPL19
ENSG00000172757,1072,CFL1
ENSG00000105640,6142,RPL18A
ENSG00000120129,1843,DUSP1
ENSG00000198034,6191,RPS4X
ENSG00000108107,6158,RPL28
ENSG00000069275,64710,NUCKS1
ENSG00000011600,7305,TYROBP
ENSG00000170345,2353,FOS
ENSG00000183283,9802,DAZAP2
ENSG00000111640,2597,GAPDH
ENSG00000171863,6201,RPS7
ENSG00000158869,2207,FCER1G
ENSG00000196683,54543,TOMM7
ENSG00000196683,107986346,LOC107986346
ENSG00000124614,6204,RPS10
ENSG00000070756,26986,PABPC1
ENSG00000198888,4535,ND1
ENSG00000231500,6222,RPS18
ENSG00000147649,92140,MTDH
ENSG00000143933,805,CALM2
ENSG00000092841,4637,MYL6
ENSG00000147403,6134,RPL10
ENSG00000157514,1831,TSC22D3
ENSG00000221983,7311,UBA52
ENSG00000139644,7009,TMBIM6
ENSG00000115523,10578,GNLY
ENSG00000100316,6122,RPL3
ENSG00000136156,9445,ITM2B
ENSG00000122026,6144,RPL21
ENSG00000170004,1107,CHD3
ENSG00000174444,6124,RPL4
ENSG00000197061,8364,H4C3
ENSG00000196262,5478,PPIA
ENSG00000136167,3936,LCP1
ENSG00000101608,10627,MYL12A
ENSG00000105372,6223,RPS19
ENSG00000164346,10412,NSA2
ENSG00000173812,10209,EIF1
ENSG00000102879,11151,CORO1A
ENSG00000101439,1471,CST3
ENSG00000173575,1106,CHD2
ENSG00000171223,3726,JUNB
ENSG00000107738,64115,VSIR
ENSG00000133226,10250,SRRM1
ENSG00000140988,6187,RPS2
ENSG00000135046,301,ANXA1
ENSG00000116754,9295,SRSF11
ENSG00000163220,6280,S100A9
ENSG00000197956,6277,S100A6
ENSG00000133872,51669,SARAF
ENSG00000167978,23524,SRRM2
ENSG00000174748,6138,RPL15
ENSG00000130255,25873,RPL36
ENSG00000156467,7381,UQCRB
ENSG00000169714,7555,CNBP
ENSG00000147604,6129,RPL7
ENSG00000177600,6181,RPLP2
ENSG00000175567,7351,UCP2
ENSG00000172543,1521,CTSW
ENSG00000092010,5720,PSME1
ENSG00000115935,7456,WIPF1
ENSG00000228474,100128731,OST4
ENSG00000103187,23406,COTL1
ENSG00000104904,4946,OAZ1
ENSG00000265972,10628,TXNIP
ENSG00000089157,6175,RPLP0
ENSG00000116209,9528,TMEM59
ENSG00000182718,302,ANXA2
ENSG00000115268,6209,RPS15
ENSG00000167526,6137,RPL13
ENSG00000108848,51747,LUC7L3
ENSG00000074800,2023,ENO1
ENSG00000113140,6678,SPARC
ENSG00000204592,3133,HLA-E
ENSG00000188404,6402,SELL
ENSG00000244734,3043,HBB
ENSG00000162511,7805,LAPTM5
ENSG00000110700,6207,RPS13
ENSG00000198755,4736,RPL10A
ENSG00000140575,8826,IQGAP1
ENSG00000084234,334,APLP2
ENSG00000120885,1191,CLU
ENSG00000188846,9045,RPL14
ENSG00000134419,6210,RPS15A
ENSG00000196154,6275,S100A4
ENSG00000168685,3575,IL7R
ENSG00000163682,6133,RPL9
ENSG00000109971,3312,HSPA8
ENSG00000150991,7316,UBC
ENSG00000198695,4541,ND6
ENSG00000141002,22980,TCF25
ENSG00000134046,8932,MBD2
ENSG00000105374,4818,NKG7
ENSG00000115738,3398,ID2
ENSG00000114942,1933,EEF1B2
ENSG00000116741,5997,RGS2
ENSG00000187109,4673,NAP1L1
ENSG00000197747,6281,S100A10
ENSG00000100650,6430,SRSF5
ENSG00000111669,7167,TPI1
ENSG00000170458,929,CD14
ENSG00000111229,10094,ARPC3
ENSG00000115524,23451,SF3B1
ENSG00000143761,375,ARF1
ENSG00000162244,6159,RPL29
ENSG00000135821,2752,GLUL
ENSG00000126264,10870,HCST
ENSG00000110077,64231,MS4A6A
ENSG00000100300,706,TSPO
ENSG00000100453,3002,GZMB
ENSG00000143119,963,CD53
ENSG00000118680,103910,MYL12B
ENSG00000164733,1508,CTSB
ENSG00000112576,896,CCND3
ENSG00000172531,5499,PPP1CA
ENSG00000110955,506,ATP5F1B
ENSG00000182866,3932,LCK
ENSG00000169100,293,SLC25A6
ENSG00000164924,7534,YWHAZ
ENSG00000130592,4046,LSP1
ENSG00000142227,2014,EMP3
ENSG00000143110,128346,C1orf162
ENSG00000180353,3059,HCLS1
ENSG00000109475,6164,RPL34
ENSG00000038427,1462,VCAN
ENSG00000067082,1316,KLF6
ENSG00000197958,6136,RPL12
ENSG00000128016,7538,ZFP36
ENSG00000100906,4792,NFKBIA
ENSG00000130816,1786,DNMT1
ENSG00000110719,10312,TCIRG1
ENSG00000082074,2533,FYB1
ENSG00000134333,3939,LDHA
ENSG00000164111,308,ANXA5
ENSG00000162704,10092,ARPC5
ENSG00000158710,8407,TAGLN2
ENSG00000110321,1982,EIF4G2
ENSG00000163131,1520,CTSS
ENSG00000010256,7384,UQCRC1
ENSG00000131236,10487,CAP1
ENSG00000100911,5721,PSME2
ENSG00000198786,4540,ND5
ENSG00000090621,8761,PABPC4
ENSG00000132424,25957,PNISR
ENSG00000112695,1347,COX7A2
ENSG00000154146,4900,NRGN
ENSG00000127184,1350,COX7C
ENSG00000136942,11224,RPL35
ENSG00000130755,9535,GMFG
ENSG00000152234,498,ATP5F1A
ENSG00000131238,5538,PPT1
ENSG00000134884,55082,ARGLU1
ENSG00000186468,6228,RPS23
ENSG00000072818,9744,ACAP1
ENSG00000125347,3659,IRF1
ENSG00000126247,826,CAPNS1
ENSG00000204472,199,AIF1
ENSG00000111142,10988,METAP2
ENSG00000080503,6595,SMARCA2
ENSG00000156482,6156,RPL30
ENSG00000110934,51411,BIN2
ENSG00000110876,6404,SELPLG
ENSG00000213719,1192,CLIC1
ENSG00000150459,10284,SAP18
ENSG00000110848,969,CD69
ENSG00000115875,6432,SRSF7
ENSG00000143774,2987,GUK1
ENSG00000100353,8664,EIF3D
ENSG00000104964,166,TLE5
ENSG00000137575,6386,SDCBP
ENSG00000006125,163,AP2B1
ENSG00000102144,5230,PGK1
