DER_IFN_ALPHA_RESPONSE_DN,DER_IFN_ALPHA_RESPONSE_UP,DER_IFN_BETA_RESPONSE_DN,DER_IFN_BETA_RESPONSE_UP,DER_IFN_GAMMA_RESPONSE_DN,DER_IFN_GAMMA_RESPONSE_UP,GEISS_RESPONSE_TO_DSRNA_DN,GEISS_RESPONSE_TO_DSRNA_UP,GOBP_NEGATIVE_REGULATION_OF_TYPE_I_INTERFERON_PRODUCTION,GOBP_POSITIVE_REGULATION_OF_TYPE_I_INTERFERON_PRODUCTION,GOBP_RESPONSE_TO_TYPE_I_INTERFERON,GOBP_TYPE_I_INTERFERON_PRODUCTION,GSE16450_CTRL_VS_IFNA_12H_STIM_IMMATURE_NEURON_CELL_LINE_DN,GSE16450_CTRL_VS_IFNA_12H_STIM_IMMATURE_NEURON_CELL_LINE_UP,GSE16450_CTRL_VS_IFNA_12H_STIM_MATURE_NEURON_CELL_LINE_DN,GSE16450_CTRL_VS_IFNA_12H_STIM_MATURE_NEURON_CELL_LINE_UP,GSE16450_CTRL_VS_IFNA_6H_STIM_IMMATURE_NEURON_CELL_LINE_DN,GSE16450_CTRL_VS_IFNA_6H_STIM_IMMATURE_NEURON_CELL_LINE_UP,GSE16450_CTRL_VS_IFNA_6H_STIM_MATURE_NEURON_CELL_LINE_DN,GSE16450_CTRL_VS_IFNA_6H_STIM_MATURE_NEURON_CELL_LINE_UP,GSE16450_IMMATURE_VS_MATURE_NEURON_CELL_LINE_12H_IFNA_STIM_DN,GSE16450_IMMATURE_VS_MATURE_NEURON_CELL_LINE_12H_IFNA_STIM_UP,GSE16450_IMMATURE_VS_MATURE_NEURON_CELL_LINE_6H_IFNA_STIM_DN,GSE16450_IMMATURE_VS_MATURE_NEURON_CELL_LINE_6H_IFNA_STIM_UP,GSE1740_MCSF_VS_MCSF_AND_IFNG_DAY2_DERIVED_MACROPHAGE_WITH_IFNA_STIM_DN,GSE1740_MCSF_VS_MCSF_AND_IFNG_DAY2_DERIVED_MACROPHAGE_WITH_IFNA_STIM_UP,GSE1740_UNSTIM_VS_IFNA_STIMULATED_MCSF_DERIVED_MACROPHAGE_DN,GSE1740_UNSTIM_VS_IFNA_STIMULATED_MCSF_DERIVED_MACROPHAGE_UP,GSE1740_UNSTIM_VS_IFNA_STIMULATED_MCSF_IFNG_DERIVED_MACROPHAGE_DN,GSE1740_UNSTIM_VS_IFNA_STIMULATED_MCSF_IFNG_DERIVED_MACROPHAGE_UP,GSE22589_HEALTHY_VS_HIV_AND_SIV_INFECTED_DC_DN,GSE22589_HEALTHY_VS_HIV_AND_SIV_INFECTED_DC_UP,GSE22589_HEALTHY_VS_HIV_INFECTED_DC_DN,GSE22589_HEALTHY_VS_HIV_INFECTED_DC_UP,GSE22589_HEALTHY_VS_SIV_INFECTED_DC_DN,GSE22589_HEALTHY_VS_SIV_INFECTED_DC_UP,GSE22589_HIV_VS_HIV_AND_SIV_INFECTED_DC_DN,GSE22589_HIV_VS_HIV_AND_SIV_INFECTED_DC_UP,GSE22589_SIV_VS_HIV_AND_SIV_INFECTED_DC_DN,GSE22589_SIV_VS_HIV_AND_SIV_INFECTED_DC_UP,GSE3920_IFNA_VS_IFNB_TREATED_ENDOTHELIAL_CELL_DN,GSE3920_IFNA_VS_IFNB_TREATED_ENDOTHELIAL_CELL_UP,GSE3920_IFNA_VS_IFNG_TREATED_ENDOTHELIAL_CELL_DN,GSE3920_IFNA_VS_IFNG_TREATED_ENDOTHELIAL_CELL_UP,GSE3920_IFNA_VS_IFNG_TREATED_FIBROBLAST_DN,GSE3920_IFNA_VS_IFNG_TREATED_FIBROBLAST_UP,GSE3920_IFNB_VS_IFNG_TREATED_ENDOTHELIAL_CELL_DN,GSE3920_IFNB_VS_IFNG_TREATED_ENDOTHELIAL_CELL_UP,GSE3920_UNTREATED_VS_IFNA_TREATED_ENDOTHELIAL_CELL_DN,GSE3920_UNTREATED_VS_IFNA_TREATED_ENDOTHELIAL_CELL_UP,GSE3920_UNTREATED_VS_IFNA_TREATED_FIBROBLAST_DN,GSE3920_UNTREATED_VS_IFNA_TREATED_FIBROBLAST_UP,GSE3920_UNTREATED_VS_IFNB_TREATED_ENDOTHELIAL_CELL_DN,GSE3920_UNTREATED_VS_IFNB_TREATED_ENDOTHELIAL_CELL_UP,GSE5542_IFNA_VS_IFNA_AND_IFNG_TREATED_EPITHELIAL_CELLS_24H_DN,GSE5542_IFNA_VS_IFNA_AND_IFNG_TREATED_EPITHELIAL_CELLS_24H_UP,GSE5542_IFNA_VS_IFNA_AND_IFNG_TREATED_EPITHELIAL_CELLS_6H_DN,GSE5542_IFNA_VS_IFNA_AND_IFNG_TREATED_EPITHELIAL_CELLS_6H_UP,GSE5542_IFNG_VS_IFNA_AND_IFNG_TREATED_EPITHELIAL_CELLS_24H_DN,GSE5542_IFNG_VS_IFNA_AND_IFNG_TREATED_EPITHELIAL_CELLS_24H_UP,GSE5542_IFNG_VS_IFNA_AND_IFNG_TREATED_EPITHELIAL_CELLS_6H_DN,GSE5542_IFNG_VS_IFNA_AND_IFNG_TREATED_EPITHELIAL_CELLS_6H_UP,GSE5542_IFNG_VS_IFNA_TREATED_EPITHELIAL_CELLS_24H_DN,GSE5542_IFNG_VS_IFNA_TREATED_EPITHELIAL_CELLS_24H_UP,GSE5542_IFNG_VS_IFNA_TREATED_EPITHELIAL_CELLS_6H_DN,GSE5542_IFNG_VS_IFNA_TREATED_EPITHELIAL_CELLS_6H_UP,GSE5542_UNTREATED_VS_IFNA_AND_IFNG_TREATED_EPITHELIAL_CELLS_24H_DN,GSE5542_UNTREATED_VS_IFNA_AND_IFNG_TREATED_EPITHELIAL_CELLS_24H_UP,GSE5542_UNTREATED_VS_IFNA_AND_IFNG_TREATED_EPITHELIAL_CELLS_6H_DN,GSE5542_UNTREATED_VS_IFNA_AND_IFNG_TREATED_EPITHELIAL_CELLS_6H_UP,GSE5542_UNTREATED_VS_IFNA_TREATED_EPITHELIAL_CELLS_24H_DN,GSE5542_UNTREATED_VS_IFNA_TREATED_EPITHELIAL_CELLS_24H_UP,GSE5542_UNTREATED_VS_IFNA_TREATED_EPITHELIAL_CELLS_6H_DN,GSE5542_UNTREATED_VS_IFNA_TREATED_EPITHELIAL_CELLS_6H_UP,ISHIKAWA_STING_SIGNALING,KEGG_CYTOSOLIC_DNA_SENSING_PATHWAY,KEGG_MEDICUS_REFERENCE_TYPE_I_INTERFERON_TO_JAK_STAT_SIGNALING_PATHWAY,KEGG_RIG_I_LIKE_RECEPTOR_SIGNALING_PATHWAY,WP_INTERFERON_TYPE_I_SIGNALING,WP_TYPE_I_INTERFERON_INDUCTION_AND_SIGNALING_DURING_SARSCOV2_INFECTION
COX17,ADAR,ARHGAP4,ADAM9,COX17,ADAR,CDC14A,ACSL3,ACOD1,ARRDC4,ADAR,ACOD1,ADAMTS19,ABL2,ABCC1,ABCA2,ABI2,ACAP2,ABCB8,A1CF,ABTB2,ABCA7,ACRV1,ADAR,ABCA9,ACACA,ADCY5,ABRA,ABL1,ADCY2,ABHD3,ABHD11,ACP2,ACOT11,ACSL1,AARS1,AATF,ACD,ACTL9,ACP3,ACTG1,ABCA5,ACACA,ADRB2,ACP3,ACO1,ACAP2,ACP3,ABTB3,ACER3,AATF,ABL2,AASDH,ABCC4,ABCA3,AEBP2,ABCD3,ACAP2,ABCB7,ABCC4,ABHD11,ABCC5,ABCA1,AACS,AAMDC,AACS,ABHD1,ACAA1,ABCA2,ABCA7,ABRAXAS1,ABR,AASDH,ACOT9,ADAR,ADAR,IFNA1,ATG12,CBL,ACE2
EIF3E,ATP6V0B,CHRNB2,ADAR,EIF3E,ATP6V0B,DNMT3A,ADAR,ATG12,CD14,AZI2,ARRDC4,ADGRE2,ABTB3,ACER3,ABHD8,ACP5,ADH4,ACTR2,ABCA4,ACTN1,ABCB1,ADCK5,ADGRD1,ACTL6B,ACAD8,ADM,ACTR5,ACAD9,ADCY4,ABHD5,ADGRG3,ACP3,ADAM8,ADAMTS12,ABI3,ADCY9,AGFG1,ADGRG1,ACTL9,ADAMTS6,ABHD15,ACLY,AFG2A,ACSBG1,ACOXL,ACAT1,ADAM12,ACSS3,ADAM17,ABI3,ABTB2,ACSF3,ACKR3,ACSF2,ALDOC,ABL2,ACSL5,ABI1,ABCC5,ABHD12,ACAD8,ABHD12,ACTR1B,ABHD12,ACTR1B,ACP6,ADAT2,ABI3,ABCC2,ACBD4,ACADVL,ACKR3,ACTN4,CCL5,AIM2,IFNA10,ATG5,CREB1,EIF2AK2
FBXW4P1,B2M,IGF2,AP3M2,FBXW4P1,B2M,EFNB3,AFAP1,ATG5,CGAS,CACTIN,ATG12,ADGRG3,ACACA,ACVR1B,ACD,ADH4,AFF1,ADAP1,ADAM11,AEN,ACAP1,ADH7,ADGRG3,AFF2,ACAD9,AMN1,ADGRA3,ADI1,AMN1,ABL2,AKR1C4,ACSS1,ADGRG3,ADAMTS6,ADM,AGO2,AMHR2,AGL,ADAMTS16,ADD2,ABLIM2,ACOXL,AGO3,ACTN1,ADAMTS6,ACLY,ADGRG5,ADGRE5,ALCAM,ACACA,ACR,ACTN1,ACOX2,ACSS1,ALPG,ACP6,ADAMTS2,ACAD10,ADGRG3,ABI2,ACOX2,ACADSB,ADAM17,ACP7,AGPAT3,ACSM3,ADGRE5,ACADVL,ABRAXAS1,ACKR3,ACOT9,ACTN1,ADK,IFNA1,CASP1,IFNA13,AZI2,CRK,IFIH1
FEZ1,BAG1,PLPP3,ARID3A,FEZ1,BAG1,MEIS1,ANXA1,ATG9A,CHUK,CDC37,ATG5,ADM,ADGRA3,AGO1,ACKR3,ADRB2,AFF3,ADORA2A,ADAMTS19,AMZ1,ADD1,ADTRP,ADM,AFP,ACOX1,APOL1,ADGRF3,AFG2B,ANK3,ABRAXAS2,AKR7A2,ADAMTS19,ANAPC15,AKAP12,AGAP3,AKR1B15,ARFGAP2,AGO2,AKAIN1,ADGRE5,ABTB1,ACSF3,AKAP13,ADAMTSL4,AFG1L,ADD1,AQP3,ANP32E,ANXA3,AFG2A,ADAM9,ADD1,ADAMDEC1,ACTR10,ANGPTL3,ADA,ADHFE1,ALDOB,AEBP2,ACAT1,ACTG2,ADAT1,AGFG1,ACSF2,AGPAT5,ADCY5,ADPRH,ACTN4,ACTN1,ADPRM,ADAM8,ADGRE4P,AHNAK,IFNB1,CCL4,IFNA14,CASP10,CRKL,IFNAR1
LARP4B,BBC3,SGSH,ATP6V0B,IDI1,BAK1,MMP1,ATF3,BANF1,CLEC12A,CH25H,ATG9A,AEN,ADK,AKT2,ACOX2,AHNAK,ANKRD46,ADRB2,AHCYL2,APPBP2,ADGRE5,ALDH16A1,AFF2,ALAD,ACSL3,APOL6,AMT,AGO1,ANKRD36C,ACVR2A,ALDH18A1,ADGRV1,ARMC1,ALDH1B1,ANAPC4,ALDH6A1,ARMH4,ALOX12B,AMELX,ALAS2,ACOT11,AK1,ANKDD1A,ADGRG5,AJUBA,AIFM1,ARMCX2,ANXA6,APOC1,ALG11,ADARB1,ADD3,ADGRV1,ADAMTS1,ARFIP2,ADO,AKNA,ANGPT4,AGO1,ACVR1B,ACTR10,AK4,AGPAT3,ACTN3,AK2,ADIPOR1,AFF2,ADAM10,ACVR2A,AFF2,ADCY9,AK2,ALCAM,IRF1,CCL4L2,IFNA16,CASP8,EIF4A1,IFNAR2
PLPP3,BST2,SLC30A3,B2M,INPP5A,BBC3,PARG,BIRC2,CACTIN,DDX3X,CNOT7,BANF1,AFDN-DT,ADNP2,ALDH2,ACSM3,ANXA1,ANKRD7,AKAP13,AKR1C4,ARAP2,AKNA,ALDH5A1,AHNAK,ALOXE3,ACVR2A,ARHGAP15,ANKRD52,AIFM1,AP4S1,AGL,ALG5,AKT3,ATMIN,AP2B1,ANKRD13D,ANGPTL4,ARV1,AMZ1,AMHR2,APLP1,ACSBG1,AKAP1,AOC2,ADH1A,APAF1,AKR1B10,ASB18,ARHGAP19,ARL8B,APOBEC1,ADGRD1,AIFM1,AFF3,ADAMTS7,ARL14EP,AKR7A2,ANKRD40,AP1G2,AIP,ADAMTS7,ADAM8,ALKBH7,APPBP2,ADAT1,APIP,ADORA2A,AFG3L2,ADCY9,ADGRE1,AIF1,AGFG2,AK3,ANXA2,IRF2,CCL5,IFNA17,CHUK,EIF4B,IKBKE
,BTG1,TBCE,BAG1,LARP4B,BST2,PCK2,BNIP3,CUL3,DHX33,CR2,CACTIN,AK4,AGPS,AMMECR1L,ADGRV1,ANXA2R,ANO6,AKT1S1,ANO1,ASNS,ALDH6A1,ALPL,AMN,AMDHD1,ADI1,ARTN,ANKRD54,AKR1B1,APOL2,ALG10,ALYREF,ALAS2,ATP6V0E2,ASAH2,ANKRD54,ANKRD27,ASPDH,APOF,ANKRD2,APOBEC2,ACVR1B,ALG10B,ARL13B,ALDH3B1,APLP1,APBB1IP,ATP5F1E,ASB13,ATP5IF1,ARAF,ADORA1,AKAP1,ALOX12,ADHFE1,ASB4,ALDH18A1,APOC3,AP5S1,AKAP7,ADAR,ADPRH,ANGEL1,ARHGAP25,AGPAT2,ARFIP2,AGFG1,AP2B1,AGAP2,ADGRE4P,AK3,AHNAK,ALDH3A2,ANXA4,IRF6,CHUK,IFNA2,CXCL10,EIF4E,IRAK4
,C1S,TRAF6,BCLAF1,PKD1,BTG1,PLAU,BTN3A3,CYLD,DHX36,DCST1,CD14,ALDOC,ANXA2R-AS1,ANTKMT,ADORA3,AP1G2,ANXA1,ALDH4A1,APOBR,ATP6V0C,AMPD1,ANKRD9,ANO8,ANKFN1,AFG2B,BCL2A1,ANXA10,ALKBH5,ARHGEF17,ALG11,ANGEL1,ALDH1B1,BAG2,ASB6,ANTKMT,ARHGAP45,ATAD3A,ARHGEF37,ANO1,ARHGAP25,ADD3,AMMECR1,ARL5B,ALKBH2,ARAP2,ARHGAP1,ATP6V1B1,ASRGL1,ATP6AP2,ARG1,ADORA2A,AKR1B10,ANGEL2,ADORA3,ATF5,AMN,ARHGEF1,ARHGAP30,AKT2,AFG1L,AKTIP,ARHGAP18,ARHGEF39,AIFM3,ARHGAP19,AHCYL2,APPL2,AGO4,ADPRM,ALDH3A2,AIM2,ALDH5A1,APOBEC3F,IRF7,CXCL10,IFNA21,CXCL8,EIF4EBP1,IRF3
,CASP8,,BST2,PTX3,C1S,PRKAR1B,CCL2,DDX56,DHX58,EIF4E2,CGAS,AMER2,ARB2A,APOE,ANK3,APBB1,APC,AP3B1,ARMC9,ATP6V1D,AMPD3,APEH,ANP32A,ANKMY2,AKR1B1,BCL7B,AP1AR,ALOX15,ARHGEF5,ANO6,ANGPTL4,ALDH1L1,BAG4,ASTN1,ARHGAP4,ARMCX4,ATP13A5,ATF7IP,ANXA7,ATP6AP1L,ADGRG5,ANKRD42,ATF3,AP1M2,ARNT2,ASAH2,B3GALT4,ATG16L1,ATP6V0D1,ARHGEF7,ADORA2B,AMMECR1,ANKRD11,ANKRD55,ATP10D,ANKMY2,ARMC2,ARHGDIA,ANKRD54,AFG3L2,ALDH3A1,ARMC3,ARPC1A,AKT3,ARPC1A,AKR1B1,AQP9,AGTRAP,AEN,ALPK1,AKT1,ANAPC16,ARAP2,IRF9,IFNA1,IFNA4,CYLD,FYN,IRF7
,CD164,,BTG1,SNRPB2,CASP8,STAB1,CCL4,DHX58,DHX9,FADD,CHUK,ANKRD30A,ARHGAP15,AQP8,APBB1IP,ARHGEF1,APLNR,AQP12A,ATP1A4,ATP8B4,ANXA2,ARHGAP9,AP3B2,ANO3,ANKMY2,BDNF-AS,ARL5C,ANAPC15,BAK1,ANXA11,AP3S2,ANGPT1,BAHD1,ATP6V1F,ARHGAP45,ASXL1,ATP1A1,ATP6V0E2,ARL4C,C1QTNF6,ADPRH,ANKRD55,ATG16L2,APPL2,AS3MT,ATP6V1C1,BAZ2B,ATM,ATP6V1E1,ARMC6,AEN,ANAPC1,ANKRD13A,AP4M1,BAG2,AP1AR,ARSB,ARSI,ANP32B,AGA,ALDOAP2,ASB6,ARPC5L,ALKBH7,ASPM,AKR1C3,ARHGAP19,APOBEC3G,AKAP1,ANGEL1,ALCAM,ANGEL1,ARF3,,IFNA10,IFNA5,DDX3X,GAB2,IRF9
,COL16A1,,C1S,TRAF6,CEBPD,STAM,CD44,GBP7,FLOT1,GIGYF2,CLEC12A,ANKRD37,ASXL1,ARHGAP9,AQP7,ARHGEF3,ARHGEF6,ARID1A,B3GALT1,ATXN1,ARHGAP18,ARPC1B,ASAP1,AOPEP,ANP32B,BFSP2-AS1,ASPM,ANKRD13D,BANP,ANXA2,ARFGAP2,APLNR,BDH1,B4GALNT4,ARRB2,ATF6B,ATP9B,B3GAT3,ATG4D,CACNG8,AMACR,ANXA1,ATXN7,AQP3,ASB2,ATPAF1,BEX3,ATP10A,ATP6V1G1,ASRGL1,AHI1,ANKRD44,AP1G2,ARF5,BCAP29,AP4M1,ATF5,ATOSA,APPBP2,AGO1,AP2M1,ATP1B1,ASB8,ANP32A,ASTE1,ALDH3A2,ARIH2,ARHGAP10,AKR1E2,ANKZF1,ANKRD27,ANKRD46,ARFGAP3,,IFNA13,IFNA6,DDX3Y,IFNAR1,JAK1
,CSRP3,,CALD1,,COL16A1,TOMM70,CFLAR,GPATCH3,G3BP1,GPR108,CUL3,ASPA,ATF7IP2,ASF1B,ASB14,ARL4C,ATF7IP2,ARPC4,B3GNT5,B3GNT2,ARHGAP20,ART5,ATP10D,APOA1,APOO,BNIPL,ASPRV1,ANKRD18A,BTN1A1,ARHGAP35,ARPC5L,APTX,C19orf48P,BFAR,ARRDC2,ATP6V1H,BAIAP3,B4GALT5,ATP6V0B,CASP1,AMER1,APLF,BAG3,ARHGAP31,ASRGL1,BARD1,BIK,B3GNT2,ATP8A1,ATG4B,AKAP13,APBB1IP,AP1M1,ARFGEF2,BCL2A1,APOL6,ATP10A,ATOX1,ARFGEF1,AHDC1,AP3B1,B3GNT5,ATXN10,AP2A1,ATP5F1A,ANTXR2,ATF6B,ARHGAP35,ANKRD16,ANP32B,ANXA5,AP2A2,ARID5B,,IFNA14,IFNA7,DHX58,IFNAR2,MAVS
,CYCS,,CASP8,,CSRP3,TP53,CHN1,HAVCR2,GAPDH,HDAC4,CYLD,ATF3,ATP10A,ATP13A3,ATF6B,ARRDC2,ATG10,ASS1,BTBD2,BCL10,ARHGAP4,ASB4,AVPR1B,AQP10,ARRDC4,BRDT,BMS1P1,APBB1IP,BTN2A3P,ATF7IP,ATP13A3,ART5,C2CD5,CACNG2,ATF3,B3GNT7,BCL3,BAHD1,B4GALNT4,CASS4,ANO10,ARHGAP18,BAIAP2,ARMCX2,ATOSA,BCS1L,BMAL1,BBS10,B4GALT6,ATP6V1G2,ANKRD17,APEH,AQR,ARHGEF39,BEND3,AQR,ATP5PB,B3GALNT1,ARHGEF4,ANKRD52,APBB2,B3GNT8,AUNIP,APBB1,ATXN10,ARF1,ATP10A,ARNT,ANKRD18B,AP1M1,APOBEC3G,APP,ARL6IP1,,IFNA16,IFNA8,FADD,IRF9,MYD88
,DDX17,,CD164,,CYCS,TP53I3,EIF2S3,IL10,GARIN5A,IFI27,DDX3X,ATP9A,ATXN7L1,ATP2A2,ATP12A,ARRDC3,ATP7A,ATP5MG,C19orf12,BCL2A1,ARHGAP9,B3GNT2,BAZ2B,ATF7IP2,ATP13A5,BTN3A1,BTRC,APEX2,BTN3A1,ATP6V0C,AURKA,ATP11B,CAMK1D,CASP3,ATF4,BDH1,BDH1,BARHL2,BATF2,CCR3,APPL2,ATP2A2,BTG2,ARRB1,ATP2A3,BLVRA,CCR4,BTBD10,BASP1,ATXN2,ARL5B,APLF,ARID1A,ARL2BP,BEND4,ARFGAP2,ATP6V0A1,BATF2,ARRB1,ARGLU1,ARB2A,BCO2,BBS10,AQP4,ATXN7L1,ARHGAP45,ATP1B3,ARPC5L,ANKRD26,ARMCX1,ARAP2,ARHGAP17,ATN1,,IFNA17,IFNAR1,IFIH1,IRS1,OAS1
,EIF2B1,,CEBPD,,EIF2B1,VCAM1,ELF3,ILRUN,HMGB1,IFIH1,DDX56,AURKA,BABAM2,ATP6V1F,B4GALT6,ATM,ATP8A2,ATP6V0C,C3orf70,BCLAF3,ARHGEF10,B3GNT7,BTLA,ATP1A1-AS1,ATRAID,BTN3A2,C1orf220,APOO,C15orf39,B3GALNT1,BOP1,ATP6V1H,CAMSAP2,CCDC150,BATF,BRWD1,BNIP2,BEND3,BBOX1,CD109,AQP3,ATP5F1B,CABYR,ATP5F1A,B3GNT2,CALHM6,CCT5,BTLA,BCL2L1,BCL7C,ATF4,ARHGAP11A,ASPH,ARL3,BRD2,ARFIP1,B3GAT3,BMP6,ARRDC4,ARHGAP21,ARL15,BET1L,BUB3,B3GNT8,BBS12,ARMCX3,B3GNT5,ASB6,AP1G2,ARRB1,ARF3,ARHGAP32,ATP2B4,,IFNA2,IFNAR2,IFNA1,IRS2,OAS2
,EPS15,,CSRP3,,ELK4,WASF1,FGF2,IRGM,HMGB2,IFIT1,DHX33,B3GNT4,BBS9,ATRAID,BBS9,ATP2B4,AVPR1A,BCL2L15,CA10,BDP1,ARHGEF18,BMAL2,CBLB,BDH2,AUP1,C12orf42,C2orf69,AQR,C19orf12,BCAP31,BRWD1,BAIAP2,CCDC117,CCND1,BAZ1B,C19orf48P,BRPF1,BHLHE41,BCL3,CD70,ARHGAP31,B4GALT5,CATSPERD,BACH2,BCAS3,CCDC69,CD2AP,BZW2,CABYR,BLM,ATG16L2,B3GLCT,BICRAL,ASPM,BTBD19,ATP5F1C,B4GALNT4,BTBD3,ATXN7L3B,ATP5F1D,ARSB,BIRC3,CCDC122,BCL2,BCL2L14,ATP13A3,B4GALT5,ASCL2,APOBEC4,BEX3,ARHGAP10,ARHGEF11,ATP6V1B2,,IFNA21,IFNB1,IFNA10,JAK1,OAS3
,FAS,,CTR9,,EPS15,,GBP1,ITCH,HSP90AA1,IFITM1,DHX36,BAX,BIVM,BRD9,BCL2L1,AUTS2,BCL6,BOK,CCR2,BHLHE40,ARID4B,BMP2,CCDC17,BDNF-AS,BLTP2,C21orf91,C6orf141,ASB1,C6orf132,BCO2,BUB3,BLNK,CCT4,CD180,BOLA1,C1orf131,C11orf86,BRDT,C12orf75,CD82,ARMCX2,BCO2,CCDC9,BCL2L12,BCL2L1,CD38,CD72,CCNO,CALM3,BLTP3B,ATXN7,BICRA,BID,ATP6V0D1,BTG3,ATP6V0E2,BBOX1,C19orf44,AURKB,AZI2,ART3,BMP1,CCDC34,BMP1,BRIP1,ATP6V1F,B9D2,ATG2A,ASAP1,BTF3,ARHGAP35,ARMCX1,ATXN1,,IFNA4,IFNE,IFNA13,LCK,RIGI
,GBP1,,CYCS,,FAS,,GCH1,KAT8,HSPD1,IFITM2,DHX58,BGLAP,BLM,BRF1,BSDC1,B3GALT4,BFAR,BRD3OS,CCS,BLTP1,ARRB1,BOP1,CCDC39,BEAN1,BMI1,CALHM6,CA14,ASMTL,CALHM4,BORCS6,BUD23,BRI3,CDC14B,CH25H,BORA,C2CD3,C11orf87,BRINP3,C16orf78,CDC20B,ASCC3,C1QTNF6,CCNL1,BIK,CARNS1,CD48,CD93,CCR3,CAPZB,BRI3BP,BAIAP2,BRAT1,BNIP3L,BLOC1S5,C4orf17,B3GLCT,BCAM,C6orf132,AVL9,B3GLCT,ART5,BPIFB3,CCDC88A,BMP5,BRMS1L,BBOX1,BCR,ATOSB,ATP11C,BZW2,ARHGDIA,ARRB1,BMPR1A,,IFNA5,IFNK,IFNA14,MAP2K3,STAT1
,GMPR,,DDX1,,FOSL1,,HMGB2,KLHL22,IFIH1,IFITM3,DHX9,BNIP3,BTRC,BTG2,BTBD2,BORCS6,BHLHE22,BTF3,CD1D,BTLA,ASAP1,BPIFC,CCR9,BNC1,BNIP3,CARD6,CALCB,ATP13A3-DT,CARD16,C4orf46,C11orf24,BST2,CDC42SE1,CITED1,BRCA2,C7orf57,C20orf96,BRWD1,C1QL3,CEP104,ATP6V1B1,CABP4,CCNL2,BMAL1,CD22,CD79B,CDCA5,CD5,CCL7,C18orf21,BCL2L1,C16orf54,BUB3,BLVRB,C5AR1,BAG3,BCL10,CA2,BAG4,BCOR,ASB1,BRDT,CCHCR1,BRME1,CA8,BCL2L1,BFAR,ATP10D,ATP6V0E2,C1orf162,ARHGEF12,ATG10,BPIFA4P,,IFNA6,IFNW1,IFNA16,MAP2K6,STAT2
,HLA-A,,DDX17,,GBP1,,IFIT1,LILRA4,IKBKE,IFNA1,DTX4,C2CD6,C10orf143,CA12,C10orf62,BTN3A1,BMP2K,BTG2,CD34,C1orf74,ASH1L,BRPF1,CD84,BNIPL,BTBD6,CASP1,CAPN3,B3GALNT2,CARD6,C5orf34,C19orf53,C11orf97,CELSR3,COL4A2,BTBD2,CAPN15,CACNG8,BTG3,C9orf43,CHST15,ATP8A2,CACNG8,CD274,CARD9,CD274,CDC25B,CENPP,CD69,CD300LF,C1QBP,BCL2L11,CALHM2,C2CD5,BVES,C8orf76,BCL7B,BCO1,CBR3,BAZ1A,BID,ASGR1,C12orf57,CCNF,C11orf71,CACNA1H,BLTP1,BSCL2,ATP2A3,ATXN7L1,C1QBP,ATOSB,ATG4C,C1orf21,,IFNA7,IRF9,IFNA17,MAP3K1,TBK1
,HLA-C,,DDX21,,HADH,,IGFBP6,LILRB1,IRAK1,IFNA10,FLOT1,CABP7,CARMIL1,CALML5,C17orf75,BTN3A3,BTLA,C15orf39,CD86,C5orf63,ATP10D,BZW2,CDH16,CADM2,BZW2,CASP4LP,CBLN1,BLTP2,CAVIN3,C6orf120,C2orf42,C14orf93,CES3,CORO7,CARD11,CCPG1,CAPG,CBLN1,CCIN,CLDND2,AVPI1,CARMIL1,CDC37L1,CATSPERD,CDC20B,CDC25C,CENPT,CD82,CD33,CA12,BIRC3,CASD1,CA2,C8orf48,CAD,BTBD3,BCR,CCDC102A,BBOF1,BOLA2,ATG16L2,C12orf75,CDC27,C12orf56,CBFB,BRD3OS,C2CD5,AUTS2,AXIN2,CACHD1,ATP2A3,ATL1,CACNB1,,IFNA8,JAK1,IFNA2,MAPK14,TLR2
,HLA-E,,DNAJC2,,HADHB,,IQGAP2,MIR21,IRF1,IFNA14,G3BP1,CCDC107,CASK,CAMK2G,C4orf36,C16orf54,C1orf216,C20orf96,CHD3,CAMLG,AXIN2,C15orf39,CDKN1C,CCDC162P,C2orf69,CCDC180,CD3E,BPNT1,CBLC,CASD1,CCNA2,C16orf78,CHST11,CPNE3,CARS1,CDH5,CCR10,CBS,CCL5,CLEC2D,B3GNT5,CATSPER4,CDK11B,CCR4,CDC42EP1,CDIN1,CERK,CDK5RAP3,CD68,CAMKMT,BLCAP,CCDC15,CABLES2,CBFA2T3,CALR,BTF3,BHLHE40,CCN1,BCL10,BSCL2,ATP11C,C1orf56,CDC7,C3orf62,CCDC122,BST1,CAMKK1,B3GALT4,BEND5,CAD,ATP2B4,BCKDHB,CAPN1,,IFNB1,STAT1,IFNA21,MAPKAP1,TLR3
,IFI16,,EIF2AK2,,HLA-A,,IRF1,MIR26B,IRF3,IFNA16,GAPDH,CCDC144A,CCT6B,CANX,CA8,C1orf21,C2orf49,CALR,CNDP2,CASP4,BAZ2B,C19orf44,CHAD,CCDC171,CAMK1D,CCL20,CDH5,BRAT1,CCDC32,CBLB,CDCA5,C19orf12,CIAO3,CRYL1,CBFA2T3,CELSR3,CCRL2,CCDC110,CCRL2,CMKLR1,BCAS3,CBR3,CHD2,CCR7,CHRNE,CDK2AP1,CFAP20,CDX1,CD86,CASP4,BRWD1,CCNA2,CASP7,CDC14B,CCDC134,C2orf42,BNC2,CCNY,BHLHE40,CA9,ATP5ME,C2orf76,CDR2,CACNA1C,CCDC34,C19orf44,CARNS1,B3GLCT,BTF3,CASP10,ATXN1,BCL9,CD1A,,IKBKB,STAT2,IFNA4,MLST8,TLR4
,IFI30,,EIF2B1,,HLA-C,,KLF4,MORC3,IRF5,IFNA17,GARIN5A,CCDC38,CDIN1,CASP6,CASZ1,C2orf68,C3,CARS1,COG8,CCNG1,BICRA,CA5B,CILK1,CCER1,CBX1,CD74,CDH9,BTBD6,CCN4,CBR3,CDR2,C5AR1,CLUAP1,CST7,CCDC88B,CEP170B,CD69,CCDC120,CD70,CPNE7,BMAL1,CCDC50,CHKA,CD72,CHST15,CENPF,CKB,CEP57,CEP170,CCDC80,BTG1,CCNB1IP1,CBX5,CDC20,CCDC62,C9orf85,BPIFB2,CD22,BLCAP,CAMSAP2,ATP6V1G1,CACNA1C,CEP152,CALCR,CCHCR1,CACNA1B,CCDC47,B4GALT5,C7orf33,CATSPER2P1,BMPR1A,BCORP1,CD58,,IKBKE,TYK2,IFNA5,MTOR,TLR6
,IFI35,,EIF3A,,HLA-E,,NFKBIA,NLRC3,IRF7,IFNA2,GBP7,CD70,CIRBP,CCDC12,CCDC18,C3AR1,C3orf62,CASP9,CORO2A,CCSER2,BICRAL,CARMIL2,COMMD9,CD207,CCL17,CDC42EP3,CELF5,BZW2,CCND2,CCAR1,CDV3,C8A,CLUH,CXCR6,CDC7,CEP250,CD70,CDRT4,CD8B,CRAT,BTG1,CCN4,CLK1,CD93,CHST2,CERS6,CKS1B,CLEC3B,CFLAR,CCNYL1,C1QTNF3,CCNH,CCDC81,CDC25B,CD5,CAMSAP3,BUD31,CD69,BRD3,CAPN2,ATXN7L2,CAPG,CEP72,CARMIL1,CCP110,CALY,CCNL1,BHLHE40,CALD1,CBY1,C12orf75,C1GALT1,CD99,,IKBKG,,IFNA6,PDCD4,TLR7
,IFI44,,ELF1,,ICAM1,,NMI,NLRX1,ISG15,IFNA21,GPATCH3,COQ7,CLASP2,CD14,CCDC39,CAMSAP2,CATSPERZ,CAST,CORO7,CD69,BLVRB,CCN5,CXCL10,CECR2,CCL26,CENPJ,CENPL,C2orf69,CD3G,CCDC120,CEBPZ,CAMK2D,COG5,CYFIP2,CDK5RAP3,CES3,CD80,CEBPA,CDH8,CRIM1,CCDC63,CCNH,CLK4,CERK,CMKLR1,CHD9,CLSPN,CMTR1,CGRRF1,CDC42BPA,CCL3,CD200R1L,CCNI,CDCA2,CD83,CASP12,C16orf90,CEPT1,C1orf56,CCDC115,B4GALNT4,CCDC28A,CFAP20,CATSPER2,CDK4,CCDC12,CCNYL1,BMPR1A,CAMSAP2,CCDC102B,C1orf21,CACHD1,CDC14A,,IL18,,IFNA7,PIAS1,TLR9
,IFI6,,ELK4,,IFI16,,PLAUR,NMI,KPNA2,IFNA4,HAVCR2,CPN1,CMSS1,CD81,CCL19,CASP8,CBLB,CCAR2,CPB2,CDK17,BTLA,CCR1,CXXC5,CENPO,CCSAP,CEP290,CEP57L1,CARD9,CD74,CCDC186,CHST11,CARD6,COIL,CYP2W1,CHCHD4,CFAP69,CDK10,CENPL,CDKN2A,CX3CR1,CD163L1,CDC42EP3,CNBP,CLEC12A,CRIM1,CHFR,CPM,COX6A2,CHMP5,CDYL2,CCNK,CEP70,CD86,CDCA3,CFAP43,CCL13,C1orf159,COL3A1,C4orf46,CCN3,BANF1,CCN1,CIBAR1,CBX8,CDKL2,CCDC125,CCT6A,BRCA1,CARMIL1,CD79A,CACNB1,CAMSAP2,CGAS,,IL1B,,IFNA8,PIAS3,TMPRSS2
,IFIT1,,EPRS1,,IFI30,,PSMA3,NPLOC4,MAVS,IFNA5,HMGB1,CRLF2,CREB3L2,CENPF,CCN4,CASTOR3P,CCNG1,CCDC125,CPE,CDKN1A,C3orf70,CD36,CYB5RL,CEP290,CCT7,CFAP161,CFAP184,CCL17,CEP170B,CDC45,CISD1,CASP7,COX10,DBNL,CHCHD5,CHD9,CDK17,CFHR2,CELA3B,CYB5R3,CD24,CDKN2A,CPEB2,COX10,CRY2,CHID1,CRLF3,CRYBB3,CKB,CEP192,CCNL1,CKAP5,CDK19,CDCA8,CFP,CCN2,CBLN3,CRYL1,CASP3,CELF4,BAZ1B,CCPG1,CIT,CCDC150,CDR2,CD48,CD14,C3AR1,CD55,CDCA7L,CACNB3,CARMIL1,CHST11,,IL33,,IFNB1,PIK3CD,TRAF3
,IFIT3,,EPS15,,IFI35,,SAT1,OTUD5,MMP12,IFNA6,HMGB2,CSF3,CTPS2,CHIC2,CD79A,CBY1,CD160,CCNI,CTLA4,CEBPB,C5orf34,CDK11B,DACH2,CFAP418,CDC23,CFAP46,CFAP96,CCL22,CEP57L1,CDC6,CLNS1A,CCDC122,CSTF1,DCAKD,CIITA,CMKLR1,CDKN2A,CHD4,CES5A,DAPK2,CD72,CEP104,CREM,CRMP1,CSF1,CMTM6,CRY1,DAXX,CPNE2,CEP76,CCNL2,CLCC1,CDT1,CDK1,CHST11,CCSER1,CBLN4,CST8,CCDC115,CERS6,C1QTNF7,CCR5,CMAS,CCR5,CENPW,CD81,CDC123,CACNA2D2,CDC25B,CDH23,CALHM2,CBY1,CLDND1,,IL6,,IFNE,PIK3R1,TRAF6
,IFITM1,,ETS2,,IFIT2,,SRGN,PPM1B,MYD88,IFNA7,HSP90AA1,CSRP2,DDX10,CLEC4A,CELSR2,CCDC88C,CD226,CCR4,CTNND1,CEBPZOS,CARNS1,CHRNA5,DBNDD2,CLDN8,CDC40,CREM,CHPF2,CCL26,CLCN7,CENPJ,CLPTM1L,CCND1,CTPS1,DCLK1,CLK3,CMTR2,CEBPZOS,CHERP,CETN1,DCLK1,CLEC12A,CHPT1,CRY1,CRY1,CTSD,COG7,CUTC,DBR1,CRYZL1,CHERP,CCR8,COPG2,CELF2,CELF4,CIB1,CD247,CCPG1,CTH,CCDC47,CFAP141,CAAP1,CCRL2,CNOT6,CDKN2D,CEP152,CHRNA4,CDC42BPG,CAMK1D,CDCA7L,CDNF,CAMK2N1,CD8B,CLIC1,,IRF3,,IFNK,PIK3R2,TREML4
,IL6,,FOSL1,,IFIT3,,SUOX,PTPN11,NMB,IFNA8,HSPD1,CST11,DDX19B,CLEC7A,CEP131,CCNG2,CD302,CD200R1,CWH43,CENPQ,CCL5,CLUH,DNAJB8,CLLU1,CDK5,CSF2,CNBD1,CCT7,CLDN4,CFAP141,CNR2,CCRL2,DEPTOR,DDHD1,CNP,CNKSR3,CHIC2,CLDN14,CGAS,DCLRE1C,CNN3,CHST2,CSRNP1,CTNNBL1,CX3CR1,COX19,CYP2S1,DNTT,CSF1,CHPF2,CD274,CRMP1,CENPL,CENPF,CIITA,CFAP126,CD81,CYB561A3,CCNA2,CFAP418,CACNG3,CD38,COPRS,CETN1,CFAP20,CHST7,CDK2AP1,CAMK2N1,CDH1,CEP41,CAPN2,CDH23,CMIP,,IRF7,,IFNW1,PRMT1,TYK2
,IRF1,,FUBP1,,IFITM1,,TAP1,PTPRS,NMBR,IFNAR1,IFIH1,CTNNAL1,DENND6A,CNGA1,CFAP221,CDC25B,CD79B,CD3E,CYBB,CEP162,CCNG2,CMTR1,DPP4,CNNM2,CERK,CST13P,COMMD1,CDK5,CREB5,CGGBP1,COMMD4,CD180,DIMT1,DGKA,COA3,CNNM2,CHRM1,CORO6,CH25H,DGKH,CPA3,CLDND2,CSRNP2,CYP2S1,CYP17A1,CPNE3,CYSLTR1,EFHC2,CSF3R,CHST12,CD69,CS,CERCAM,CENPP,CKLF,CGNL1,CDC25B,CYBB,CCT8,CLCN7,CARHSP1,CDH26,COQ7,CFAP70,CIBAR1,CHSY3,CENPK,CBX6,CEP68,CEP68,CBFA2T2,CEP41,COTL1,,MAVS,,IKBKB,PTPN11,
,IRF2,,GBP1,,IL15RA,,TFPI2,PYCARD,OAS1,IFNAR2,IKBKE,DDB2,DGLUCY,CNIH1,CHIA,CDKN1C,CD96,CD53,CYP4F3,CEP43,CCNL2,CNOT10,DTX4,COL11A1,CH25H,CXCL2,CRYL1,CELF5,CRYM,CGRRF1,COPA,CD70,DLGAP2,DLK1,COA4,COLEC11,CLK3,CRABP2,CLEC4E,DMTF1,CPM,CLEC4G,CTSL,CYSLTR1,DAB2IP,CUTC,DAPL1,ELOVL5,CTNNA1,CLDN12,CD83,CYB5R4,CHCHD10,CEP20,CLCA4,CHRNB1,CHAF1B,DDR2,CD2BP2,CLDN8,CASKIN1,CFAP70,CORO1C,CFAP97D1,CIT,CLEC5A,CEP128,CCDC12,CHMP7,CFAP418,CCDC167,CFAP418,CPOX,,NFKB1,,IKBKE,PTPN6,
,IRF9,,GMFB,,IL6,,TNFAIP2,QKI,OAS2,IFNB1,IL10,DDX59,DHX33,CNOT1,CHRNA3,CLEC2B,CDK12,CD7,DBP,CFLAR,CCR9,COG2,EEF1A2,CPNE7,CHCHD10,DDX60L,CYP4A22,CENPB,CTTNBP2,CHCHD7,COPRS,CD99,DNAJC2,DLK2,COL16A1,COMMD8,COG3,CRYGD,CLVS1,DNASE1L3,CPNE3,CNIH2,CWC25,DAPK1,DCAF5,CYP20A1,DNAAF11,EMB,CTSA,CSRNP2,CHD2,DCLRE1A,CHDH,CEP70,CLEC2L,CIB1,CHD1L,DECR2,CD81,CLYBL,CCDC63,CFAP97D1,COX8A,CHAD,CNST,CLN3,CEP164,CCDC142,CHN1,CFP,CCDC92,CHCHD7,CRIM1,,NFKBIA,,IKBKG,PTPRC,
,ISG15,,HADH,,IRF1,,TNFAIP3,RBX1,OAS3,IFNE,ILRUN,DEFB125,DIAPH2,CNOT11,CHRNA5,CREBRF,CDK6,CD81,DDX60,CHAC1,CD1D,COG6,EFNA1,CSF2,CHCHD7,DECR1,CYYR1,CEP164,D2HGDH,CHKA,COQ4,CEP128,DPP3,DPF2,CRISPLD2,CPSF3,COPG2,CSF3,CMPK2,DNMT3A,CRMP1,COBLL1,CXCL10,DDR1,DCLK1,CYSLTR1,DPY19L3,ENTPD5,DAB2,CTDNEP1,CISH,DDX60,CHKB,CEP89,CLPTM1L,CLDN8,CHRNA4,DGAT2,CDC42SE1,COQ6,CCDC88C,CGAS,CSTF3,CLBA1,CORO1C,CMTR1,CEP44,CD58,CNST,CHCHD7,CCRL2,CHMP7,CST7,,NFKBIB,,IL12A,RAC1,
,LIPA,,HADHB,,IRF9,,TNFAIP6,REL,PLCG2,IFNK,IRAK1,DHH,DLG1,CNST,CIMAP1B,CSF3,CHST15,CD82,DLG4,CHKA,CD200R1L,COL11A2,ELL3,CXCL2,CHD1,DNAJA1,DCAF11,CERK,DDX60L,CIR1,COX10,CFAP54,DUS1L,DPY19L1,CSNK1E,CRTC3,CRHR1,CUL9,CMTR1,DTHD1,CUX1,COL12A1,DDX3Y,DEPDC1B,DCUN1D3,DBNL,DST,EPRS1,DCLRE1C,CWC27,CLDND2,DEF8,CLCF1,CHODL,CNBP,CNOT2,CIMIP1,DIPK1A,CENPO,CORO1C,CCL13,CHRD,CTH,CLPP,CREG1,CNP,CHEK1,CD99L2,COTL1,CHML,CD99,CLNS1A,CXCR3,,POLR1C,,IL12B,RACK1,
,MAP3K10,,HIF1A,,ISG15,,TRAF1,RELB,POLR3A,IFNW1,IRF1,DHRS3,DNAJC27,CNTRL,CLOCK,CTNNB1,CIMIP2A,CDKN2AIP,DLX4,CHORDC1,CD7,COL4A2,ENTPD6,DDX51,CHD2,DNAJB11,DCAF4L1,CFAP184,DESI1,CLDN15,CWF19L1,CGAS,DYNC1LI2,DRAM2,CTCF,CTU1,CRIPT,CYB561,CNEP1R1,ELAVL1,CYP2S1,CS,DDX5,DLG4,DDX6,DDB1,DTL,ETNPPL,DCXR,CWF19L1,CLIP2,DET1,CNTROB,CLEC3B,COPG2IT1,COL3A1,CLEC2L,EEF1D,CEP44,COX10,CCP110,CIAO3,CXXC1,CNBP,CSTF3,COQ8A,COG7,CDC42EP3,CRTC3,CHMP7,CDCA4,CLUAP1,CYSLTR1,,POLR1D,,IRF3,RAP1A,
,MX1,,HLA-A,,MAP3K10,,UBQLN1,RNF125,POLR3B,IKBKE,IRF3,DKK2,DNAJC30,COMMD2,COL14A1,CXCR4,CP,CENPB,DRC1,CHST15,CD84,CREB5,ERBB2,DENND2C,CHST7,DPH3,DEFB126,CHPF2,DHRS12,COMMD9,DAGLB,CH25H,ECHDC1,DRC1,CWC22,DAB2IP,CRLF3,CYB561A3,CNIH3,ENTPD1,CYSLTR2,CYP11A1,DHX40,DPY19L3,DGKH,DHX16,ECM1,EVL,DOCK4,DANCR,CLK1,DIS3L,CSF1R,CLHC1,CRX,CORO1C,CNGA4,EIF1,CEP76,CSAD,CDK5R1,CIB2,CYC1,CNTN6,CUL4B,CRP,COPS5,CFLAR,CYP4Z2P,COX4I1,CDK2AP1,CNN3,DKK3,,POLR3A,,IRF7,RAPGEF1,
,MX2,,HLA-C,,NAP1L1,,XPO1,RNF216,POLR3C,IRAK1,IRF5,DOK1,DOCK2,CORO2A,COL25A1,CYSLTR1,CREB1,CHADL,DTX3L,CKLF,CD8B,CSF3,EVI2B,DEUP1,CMSS1,DUSP5,DMRTB1,CHST7,DIAPH1,COPG2,DCUN1D2,CLEC4E,ECSIT,DYNC1I2,CYTH4,DDX21,CSRNP1,CYP2S1,CNTN6,EOMES,DAB2,DAB2IP,DNAI7,ECM1,DOCK5,DHX29,EEF1B2,EZH2,DST,DDIT4,CLK4,DNAAF10,CTBP1,CNEP1R1,CTSS,COX11,COL2A1,EIF4E,CHIT1,CXCL13,CDK6,CIB4,DDB1,CREB3,CYP11A1,CSGALNACT2,COPZ1,CHD9,DAPP1,COX6C,CEP128,CREB1,DNAJC22,,POLR3B,,ISG15,REL,
,NMI,,HLA-E,,NMI,,,SIGLEC1,POLR3D,IRF3,IRF7,DTNB,DPYD,CPNE1,CPN1,CYTH3,CRTAM,CIRBP,DUSP8,CLIC4,CD96,CTXN2,EVL,DNAJC9-AS1,CNOT6L,DYNC1H1,DTYMK,CISH,DLGAP2-AS1,CSDE1,DEGS1,COX18,EIF3G,EHD2,DALRD3,DHODH,CSRP3,DDC,COL11A2,EPAS1,DARS2,DCLRE1A,DNAJA4,EEFSEC,DOP1B,DHX32,EMB,FAM193B,DUSP16,DDX31,CPD,DPY19L1,CXCR4,COMMD2,DANCR,COX19,COL5A1,EIF4G3,CITED2,CYP51A1,CELF3,CISH,DDIAS,CRYZL1,DDIAS,CSTB,CPA3,CKM,DGKA,CRTC3,CFLAR,CSGALNACT1,DUSP10,,POLR3C,,MAP3K1,RPS6,
,OAS1,,IFI16,,PARP1,,,SIRPA,POLR3F,IRF7,IRF8,DUSP3,DTD1,CPSF7,CRIP3,CYTH4,CTNNA3,CMTR1,ECM1,COQ10B,CDC42EP3,CYB5RL,FAM167A,DPYSL5,COMMD1,DYNLT1,DYNC2I2,CLEC16A,DTL,CXCL10,DEPTOR,CTNNAL1,ENTPD5,ELL3,DAPK3,DIP2A,CTLA4,DDX20,COL12A1,FAM234A,DDR1,DCLRE1B,DNAJB2,ELOVL6,ENTPD1,DPCD,EML5,FAM53B,DUSP6,DDX51,CSRNP1,E2F6,CYB5R1,CRYBA2,DCC,CPQ,COTL1,EPM2A,CMPK2,DAAM1,CEP20,COX6A2,DLG3,CSF2RB,DDX19B,CTNNA2,CST7,CLSTN3,DIPK1A,CSGALNACT1,CHST11,CYP2J2,EFHD2,,POLR3D,,MAP3K7,RPS6KA4,
,OAS2,,IFI30,,PLOD2,,,TRAF3IP1,POLR3G,ISG15,IRGM,EBF1,EHBP1,CSNK2B,CTXN1,DHRS1,CUBN,CNN1,EIF4E3,COX15,CDC42SE2,DAO,FAM83G,EFCAB6,COMMD3,EAF1,E2F7,CLTB,DYNC1H1,DENND5A,DGCR8,CTSW,ERRFI1,ENDOD1,DBNL,DNAJB9,CTRL,DHCR24,COL4A2,FARP1,DGAT1,DENR,DNAJC5,EMB,ERN1,E2F6,F13A1,FHIP1B,DYNLT3,DENND11,CXADR,E2F7,DCBLD1,CTC1,DCTN4,CPSF4,CSDE1,EREG,COL9A2,DDX6,CEP76,CRB3,DMAC2L,CSNK1G2,DDX21,CTSD,DANCR,CMIP,DLL3,CYP2B6,CLSTN1,DDX60L,EIF3A,,POLR3F,,MAPK10,RPS6KA5,
,OASL,,IFI35,,PLSCR1,,,TRAIP,PQBP1,JAK1,ISG15,ENO1,ELAC1,CST7,CYP1B1,DPEP2,CYB561,CNPY3,ENTREP3,CRABP2,CHDH,DCAF15,FBXW4,ENSG00000230725,CPQ,EIF1,EDA2R,CMTM8,EMP1,DESI1,DMAC1,CXCL11,ESF1,ENOX2,DDX11,DNMT1,DDA1,DIPK2B,CORO2B,FGR,DGKG,DIXDC1,DOT1L,ESPN,F2R,ECSIT,F2RL1,FLNA,EEA1,DHX30,DCAF12L1,EIF2AK2,DCK,CYB5R1,DENND4A,CRACDL,CSN3,ERN2,COPZ1,DESI2,CFDP1,CREB3,DNAJC9,CSTB,DEK,CYP4F22,DBF4,CNNM3,DMXL2,DCK,CLSTN3,DENND5A,ENTPD1,,POLR3G,,MAPK11,RPS6KB1,
,PDXK,,IFI44,,PMAIP1,,,TRIM27,PTPN11,LSM14A,ITCH,ENO2,EXOSC2,CSTB,CYP7A1,EDAR,CYP4X1,COX20,FAM174B,CRAMP1,CHST10,DCAKD,FIGLA,EPHA5,CRIM1,EIF2B2,ENPP5,COG2,ENSG00000284837,DEXI,DNAJC24,CYBB,ETV5,EPHA1,DDX23,DNMT3L,DEK,DIXDC1,CPSF2,FNIP2,DISP1,DLAT,DUSP10,ETV3,FAM53B,EHMT1,FAM124B,FLNB,EFHD2,DISP1,DGAT1,ELP2,DDX4,CYP11B1,DHX33,CRYZ,CSNK1D,ESD,CORO1C,DHX33,CGGBP1,CX3CL1,DNM1L,CXCL12,DNAJC2,CYSRT1,DHRS1,CPEB3,DNAJA4,DENND11,CMIP,DHRS7,EOMES,,POLR3GL,,MAPK12,RPTOR,
,PLOD2,,IFI6,,PML,,,TYROBP,PTPN22,MAVS,KAT8,ENSG00000229727,EXT1,CXCL3,CZIB,EEIG1,DAW1,COX8A,FAT4,CRTAM,CLK1,DDX3Y,FMO5,EPHA7,CRNKL1,EIF2S2,ENSG00000275465,COMMD1,ENTPD5,DFFB,DOCK1,DBNL,FAM98A,EPX,DHRS13,DOC2B,DENND2B,DLL4,CRYBB2,FOXP1,DPP4,DPY19L1,DUSP16,F2RL1,FBXL17,EIF4G1,FAM72A,FNTB,EHD4,DLG3,DHX40,ELP4,DHDDS,DCTN5,DHX37,CTNNA1,CSNK1G1,ESRP1,CSF2RA,DHX58,CHAF1B,CYP11B1,DSCAML1,CYBA,DNAJC9,DBI,DHRS4,CRADD,DNAJC30,DENND2D,CTNNA1,DUS1L,EPHA3,,POLR3H,,MAPK13,SOCS1,
,PLSCR1,,IFIT1,,PPP3CA,,,UFD1,RAB2B,METTL3,KLHL22,EYA2,FARS2,CXCL9,DDO,EHD1,DCLK1,CRIP1,FBLN2,DDIAS,CREB1,DMBT1,FOXJ2,EPYC,CSE1L,ENSG00000230725,ENSG00000291065,COMMD3,EQTN,DIDO1,DOHH,DCAKD,FASTKD5,ESRRA,DMTF1,DOLK,DNASE1,DNAAF5,CSRNP1,FPGT,DPY19L3,EFR3B,DUSP8,FADS1,FBXW7,EME1,FBXO17,GABBR1,EXTL3,EDC4,DNAI7,ESCO2,DOCK2,DPY30,DIS3L2,CTNS,CYB561A3,FABP5,CSNK1G2,DMAC2,CHST11,CZIB,EAF1,DAPL1,DNM1L,DENND6A,DIAPH2,CTSD,DSC1,DGKA,DNAJC1,EEA1,EPHA4,,POLR3K,,MAPK14,SOCS3,
,PMAIP1,,IFIT2,,PPP5C,,,XAF1,RIGI,MIR21,KPNA2,FADS1,FARSB,CYBA,DIPK2B,EPC1,DCLRE1C,CRLF3,FBN1,DDX4,CREBBP,DPCD,FOXO3,ERI1,CUTC,EPSTI1,EPB42,CSK,EREG,DMRT3,DPY30,DCBLD2,FUCA2,EVA1B,DNAJB1,EBP,DOK1,DNAH17,CTSW,FRYL,ECM1,EHD1,EGR1,FAM124B,FRYL,EPHA8,GBE1,GFI1,FABP4,EFTUD2,DNAJB2,ESYT1,DPEP3,DYRK2,DKK4,CTSF,D2HGDH,FADS1,DGKG,DNAJB4,CIMIP1,DAND5,EHD3,DCLK2,DRAM1,DNAJA1,DIAPH3,CXCR6,ECE1,DPH5,DPP9,EFHC1,ERICH3,,PYCARD,,MAPK8,STAT1,
,PML,,IFIT3,,PRAME,,,YY1,RIOK3,MMP12,LILRA4,FBXO22,FBXL17,DDX19A,DNALI1,EVI2B,DLEU7,CSRP1,FGG,DNAAF4,CRIM1,DTNA,FRAT2,ERLEC1P1,DCAF7,EPYC,ESAM,CTNNAL1,EXOC3L4,DNAAF5,DRG2,DCP2,FXR2,EVX2,DNAJC4,ECSIT,DOP1A,DNAJB12,CXCL13,FYN,EIF4E3,EHD2,EIF4A2,FANCG,FYN,FAM111A,GLIS3,GMCL1,FABP7,EIF3B,DUSP14,EXD2,DPY19L1,ELMOD3,DNAJC1,CTSW,DCK,FARP2,DMD,DNAJC10,CLINT1,DCLK2,EIF3C,DCUN1D1,DYNC2I2,DPYSL2,DNLZ,CYTH3,EIF1AY,DPH6,DPY19L1,EIF2D,ERN1,,RELA,,MAPK9,STAT2,
,POLR2B,,IFIT5,,PSMB10,,,,RIPK2,MUL1,LILRB1,FBXO24,FBXO4,DDX28,DPM3,EZH1,DOP1A,DCAF15,FUT7,EDN1,CRIPTO,E2F2,FRK,ESRG,DDX17,ERAP2,EXOC6B,CUTC,FAM219A,DNAJB11,EIF2B1,DDHD1,G3BP1,EXOC7,DOHH,EHHADH,DPYSL5,DNAJC27,CYBB,GALNT3,ELOVL6,ELFN2,EIF5,FASN,GAS7,FAM162B,GPNMB,GNAS,FBLIM1,EIF3D,DUSP2,FAM111A,DTD2,ENDOU,DNAJC3,CUL1,DCLRE1B,FGFR2,DOP1B,DPM2,CNGA4,DENND6A,EIF3J,DGAT1,DZIP3,DYNLT3,ECPAS,DCAF15,EIF3A,E2F5,DUSP10,EIF3E,ETV6,,RIGI,,MAVS,STAT3,
,PPP3CA,,IFITM1,,PSMB8,,,,RNF135,MX1,MAVS,FBXO42,FBXW7,DESI2,DUSP18,FAM167A,DPP4,DDX52,GABBR1,EEA1,CSGALNACT1,EFNA4,FSCN3,FAAP20,DDX18,EREG,FAM169BP,CYC1,FAM230C,DNTTIP2,EIF3I,DDX60,GAR1,EXT1,DVL1,EIF5A2,DUSP19,DOLK,CYP24A1,GATA1,EMB,ELMO2,ELL2,FBXO17,GDPD5,FAM168A,GPR146,GPSM2,FGL2,ELP5,DUSP4,FAM20B,DUSP18,EPRS1,DPH6,CXADR,DDX17,FIG4,DRG1,DYNLT2B,COG6,DIPK1A,ELAVL1,DHTKD1,EIF3C,EEF1G,EDIL3,DCBLD1,ELP2,EARS2,DUSP2,ELOVL4,F2R,,RIPK1,,NFKB1,STAT4,
,PSMB10,,IL6,,PSMB9,,,,SETD2,MYD88,MIR21,FDXR,FCHSD2,DFFA,DUSP28,FAM219B,DSC2,DGAT2,GATA1,EGR1,CTSE,EIPR1,GABRR2,FABP6,DENND4C,ERO1A,FAM43B,CYSLTR1,FAM83G,DPH2,ENTPD5,DEDD,GLRX5,FAM171A1,EHMT2,ELP6,DUSP2,DRC3,DHX58,GDPD5,ERICH1,ENTPD1,ENKUR,FCRL1,GFOD1,FBXL14,GTF2IRD1,GTF2I,FMNL2,EPCIP,DUSP8,FAM78A,ECT2,EXTL1,DPYSL5,CXCL13,DDX55,FLNB,DYNLL2,ECI1,COPA,DPYSL5,ELOVL6,DNAAF4,ELL2,EHBP1L1,EIF3M,DENND1A,FAAH2,EDAR,DVL3,EPCIP-AS1,F5,,RIPK3,,NFKBIA,STAT5A,
,PSMB8,,IQGAP1,,PSME1,,,,STAT1,NLRC5,MIR26B,FHL2,FOCAD,DNAJB4,EFTUD2,FAM8A1,DSP,DND1,GBP7,EIF4EBP1,CYBB,EMILIN3,GHR,FAM238B,DHCR24,F2R,FBLN1,DHX33,FANCA,ELK4,EPRS1,DOC2B,GTPBP4,FHIP1A,EIF4G3,ERMP1,EEF1B2,DRD2,DNAJB6,GFPT1,EXOC6B,EPAS1,EPHX3,FOXRED2,GPM6B,FGL2,GUCY1B1,GZMM,FNDC3A,ERAP1,ELAVL3,FANCB,ETS1,FAM149B1,DUS3L,CYP27B1,DHRS1,FZD1,EBF1,ECI2,COTL1,EDF1,EPS8L1,DPP4,ELOF1,EIF4A2,ELOF1,DENND1B,FABP7,EEF2K,EMB,ETFRF1,FAM50A,,STING1,,NFKBIB,TYK2,
,PSMB9,,IRF1,,RBBP4,,,,STING1,OAS1,MMP12,FUT8-AS1,FUCA2,DNTTIP1,EGLN2,FBXL20,DUSP16,DYNC1LI1,GCK,EML1,CYP4F3,EPB41L4B,GP2,FAM89A,DHX29,FAM161A,FBXO2,DNAAF2,FAP,ELMOD2,ERAL1,DTD1,HACD1,FNDC4,ELAC2,ETV5,EFCAB11,DSE,DNASE1L3,GHRH,FAH,EPHA7,ERF,GCAT,GPR137B,GALK2,H2AX,HARS2,FRRS1,EXOC6B,ELL2,FANCD2,EZR,FBXO2,EGR2,DDX59,DLL3,GALNT6,EBI3,EHD3,CRISP2,ELMOD3,ERH,DUSP28,EPB41,EIF4G2,EPRS1,DLG5,FANCD2,EFCAB13,EOMES,FAM229B,FAS,,TBK1,,NLRX1,VAV1,
,PSME1,,IRF2,,RHOC,,,,SYK,OAS2,MORC3,GADD45A,FUS,DYNC1LI2,ELF3,FCMR,ELMOD2,EBI3,GLRA4,EPS15L1,CYRIA,ERICH2,GPLD1,FANCG,DNAAF5,FBXO6,FBXO42,DTX4,FAT1,EXO1,EXOSC5,DUSP10,HAS3,FSTL5,FCRLA,EXOC2,EGR1,DSTYK,EDN3,GLRX,FAM124B,ESYT1,ERICH6,GCNT2,GPR155,GAS7,H2BC3,HELZ2,FUCA1,FAM43A,EPC1,FGL2,F2RL1,FCAMR,EIF4G3,DENND2B,DPF1,GAN,ELOF1,EIF2B1,CWC27,EMP3,ERI2,ECI1,ERI2,EPC2,ERI2,DNAJC8,FHIT,EIF3E,EPS15,FAM86DP,FCRL2,,TREX1,,OTUD5,ZAP70,
,RBBP4,,IRF9,,SDCBP,,,,TANK,OAS3,MYD88,GAPDH,FUT8,DYNLL1,ELFN1,FDXR,EPS15,EFTUD2,GLYAT,ERCC6L2,CYTH1,EVC2,GPR171,FCGR2B,DTX4,GBP1,FSTL5,DYRK2,FGF14,FAM53C,F2RL3,EHD2,HAUS3,FXR1,FERMT3,EXOC8,ENKUR,DUSP8,EFNA5,GNPTAB,FAU,FGL2,FAM118A,GGT5,GSAP,GBF1,H4C6,HERPUD1,FXYD5,FBF1,ETV3,FIGNL1,FBXO22,FCHO1,ELAPOR1,DLG3,EDARADD,GARIN1B,EMSY,EIF2B5,CYFIP1,ESRRG,EXOSC3,EDARADD,EXOSC2,EPX,ERLEC1,DTD1,FLVCR2,ELK4,EZR,FBP1,FLOT1,,ZBP1,,PIN1,,
,RHOC,,ISG15,,SEM1,,,,TBK1,OASL,NLRC3,GNA15,GABPB1-IT1,E2F2,EPHB4,FGFBP2,EPS15L1,EIF2AK1,GM2A,FAM220A,DAXX,F2RL3,GPR84,FGL1,ECH1,GBP4,GABRA2,ECH1,FOXN3-AS2,FBXL15,FAM199X,EIF4ENIF1,HEATR3,GAB2,FES,FAM193B,ENPP4,DUT,EHD1,GPM6B,FBXO7,FGR,FAM133B,GPHN,GZMA,GLIPR1L2,HELLS,HGSNAT,GAB2,FCMR,FAP,FLNB,FBXO3,FNTA,EMID1,DNPEP,EMSY,GCLM,FAM193A,EIF3K,DAB2,ESYT1,FABP5,ELOVL5,EXOSC7,ERC2,ESD,E2F4,FMNL2,EPHX2,F2R,FMO4,FMO5,,,,RELA,,
,SDCBP,,ITGA2,,SF3A1,,,,TICAM1,PTPN1,NLRX1,GPI,GFM1,ECT2,ETV2,FHIP2B,ERCC5,EIF2S3,GOLGA7B,FAM241A,DBNDD2,FAM117A,GSG1L,FIG4,EEF2K,GBP5,GABRB3,EEIG1,FOXP2,FGD6,FAM91A1,ELMOD2,HIPK1,GBP7,FGD2,FAM217B,ERRFI1,EME2,EHD2,GPR174,FCGR2B,GAS7,FAP,GPR146,HACE1,GLTP,HIPK2,HOPX,GLRX,FNDC10,FBXW9,FOXK1,FOSB,GDI2,EPB41L2,DOK1,ETAA1,GCM1,FBXO42,EIF4A1,DAP,EVI2A,FAM135A,EMP3,EYA1,EXT2,EXOSC1,EFCAB14,FOXP1,ETFRF1,F8,FNDC3B,FTH1,,,,RIGI,,
,SEM1,,LIPA,,SKP1,,,,TICAM2,PTPN11,NMB,GPR137,GMDS,EFHD2,FAM163B,FOXO4,ETV3,EIF4A1,GPR182,FASLG,DDX60,FBLN2,GSR,FREY1,EEPD1,GIMAP8,GASK1B,EEPD1,GBP1,FLCN,FANCF,ENDOD1,HNRNPA1,GCG,FKBP15,FANCF,EXO5,FAM135B,EIF2D,GRAMD1B,FHIP1B,GATA3,FBRSL1,GPR183,HIP1,GMFG,HSPA1A,IAPP,GPD2,FOXRED2,FEM1C,GEN1,FOXP4,GPSM2,EPOP,EI24,FAM216A,GCSH,FGD3,EIF5A2,DDX20,FADS6,FAM216A,EPN3,FADS2,FAM13B,FBXL6,EGR3,GALT,FAM117B,FAM199X,FUNDC2,FYN,,,,RIPK1,,
,SKP1,,MAP1B,,SP110,,,,TLR2,PTPN2,NMBR,GPR68,GMEB1,EHBP1L1,FAM20A,FTH1,ETV6,EIF4B,GPR83,FBXO22,DENND1C,FBXO7,GXYLT2,FRMPD3,EIF3J-DT,GLS,GCDH,EMB,GIMAP6,FOXJ3,FASTKD2,EPSTI1,HNRNPH2,GCH1,GADD45GIP1,FEZ2,FGD6,FAM217A,EIF6,GRK5,GGT5,GBP6,FGD3,GTF2IRD1,HPSE,GNA15,IFNAR2,IARS1,GTF2H2,FRRS1,FGD3,GMCL1,FUT11,GRPEL2,ESF1,EIF2B1,FBXO31,GJA5,FIS1,EPHA4,DEF8,FAM219B,FAM221A,EPS8L3,FAM76B,FAM163A,FEM1C,EIF4EBP2,GLB1L3,FAM120B,FAS,GABBR1,GABARAPL1,,,,RNF125,,
,SMAD4,,MAP3K10,,SRP9,,,,TLR3,PTPN6,NMI,GRAP2,GNAQ,EIF2B3,FAM227A,FTH1P5,EXOC2,EIF4EBP2,GPX6,FBXO3,DHX58,FKBPL,HAL,FSIP2,EMB,GNPDA2,GCHFR,EMC8,GIMAP8,FRS2,FBXL6,FABP3,HNRNPR,GJA1,GPS2,FHOD1,FNDC9,FANCF,ENPP4,GZMA,GMFG,GNPTAB,FNBP4,GUCY1B1,ICAM1,GPATCH2,IFNGR2,IFIH1,GUSB,FTO,FNIP1,GPAM,FZD6,GUCA1B,EXOSC9,EIF3L,FDPS,GLRX5,FMNL3,ERAP1,DMRTC1B,FAM43A,FAM81A,ESYT1,FAM83D,FAM174C,FKBPL,ELF3,GOLGA7B,FAM229B,FCHO2,GAL3ST4,GALM,,,,SIKE1,,
,SP110,,MX1,,SRSF2,,,,TLR4,RBM47,NPLOC4,GTF2IRD1,GPATCH2,ELAVL4,FAM227B,FYB1,EXOC6B,EML4,GRHL3,GADD45B,DMTF1,FMNL3,HCAR1,GANC,EML4,GPR174,GCSIR,EPAS1,GRIN3A,FUS,FGF13,FAM241A,ING5,GOSR2,GRK6,FKBP15,FSHB,FBXL14,EPB41L5,GZMB,GNA15,GOT2,FNIP1,HIPK2,IKZF3,H2AC25,IGF1R,IFIT1,HDAC9,GDPD5,FOXO1,GYS1,GABPA,H2AX,FBXL2,EIF5A2,FERMT2,GPR15,GAL,ERLIN2,DNAAF9,FAM83H,FYTTD1,FAM32A,FARP2,FAM193B,FRA10AC1,ERMP1,GPA33,FAM86DP,FLVCR2,GAS2,GATA3,,,,STING1,,
,SRP9,,MX2,,SSBP1,,,,TLR7,RNF185,OAS1,H2AC14,GPD1L,ERLIN1,FAM229A,GAB3,EXTL2,ENTR1,HECTD3,GBF1,DPP4,FZD7,HCG4,GNPDA2,EPHX1,HCAR3,GDF9,EPOP,HASPIN,GALNT3,FKTN,FAM53C,INSR,GPC1,GTF3C6,G3BP1,FXR1,FOXN1,ETV4,GZMK,GNB4,GPC1,FOSL2,HPGDS,IL10RA,H2BC9,IGFBP4,IFNGR1,HLX,GFM2,FXYD7,H1-5,GABPB2,HAX1,FCGR3A,ELP5,FKRP,GPR45,GAPVD1,ETNK1,DOCK5,FAM89A,GADD45A,FAM43A,FIRRM,FBXO31,GALE,EVI5L,GRAP,FARSB,FMNL1,GCA,GBP4,,,,TANK,,
,SRSF2,,NAP1L1,,STAT1,,,,TLR8,SAMHD1,OAS2,H4C2,GPHN,ERP29,FCER1A,GAL3ST4,FANCD2OS,ERCC2,HIPK2,GFI1,DTX1,GABRQ,HID1,GPC5,ERCC3,HELZ2,GET4,FAM110B,HCAR3,GPAT3,FRA10AC1,FAR2,IPO11,GPR108,HAGHL,GCN1,GADD45A,FZD10,EXTL1,HRH4,GPR146,GPM6B,FRG2B,ID3,IL15RA,HIP1,IL17RC,IL12RB2,HMOX1,GGT7,GABARAPL1,H2AC15,GAS6,HELB,FMNL2,EMC10,FMR1,GPR89B,GLIPR1,EXOC3L4,DPY19L4,FGL1,GCFC2,FBF1,FMNL2,FKBP1A,GLE1,FAM131B,H2BC18,FGGY,FNBP1,GFOD3P,GIPR,,,,TBK1,,
,SSBP1,,NMI,,TAP1,,,,TLR9,SETD2,OAS3,HAS1,GSAP,FCGR3A,FNDC7,GDPD3,FCGR3A,ERF,HLA-DOB,GFOD1,DZIP1,GALNT6,HIGD1B,GPLD1,ETFB,HINT1,GPR150,FAM89B,HELZ2,GXYLT1,GALC,FBH1,IPO4,GULP1,HGFAC,GNL3,GAL3ST2,GLB1L,F10,IGF2BP3,HGSNAT,GZMA,FRYL,IDH2,IL18RAP,HIRA,IL17RE,IMMP2L,HSF2,GIGYF2,GADD45B,H4C14,GRAMD1A,HELQ,FSCN1,EMG1,FUT7,GRB7,GLOD4,EXOSC5,DYNLT3,FILIP1L,GLYR1,FBN2,GMDS,GIT2,GLOD4,FAM199X,H4C13,FHIT,FOSL2,GIMAP1,GLB1L3,,,,TBKBP1,,
,STAT1,,OAS1,,TEAD4,,,,TOMM70,SHFL,OTUD5,HILPDA,GSK3B,FTH1,FOXC2,GIMAP1,FCRL1,FAM241B,HYKK,GINM1,ECM1,GAPDHS,HIVEP2,GRP,ETV6,HLA-A,GPR161,FBXO42,HHAT,HBP1,GALNT3,FGD6,IRF4,GYPC,HK2,GPAM,GAS8,GNAS,FAM162B,IKZF3,HNRNPH3,H2AZ1,GAS5,IFNGR2,IMPACT,HNRNPUL1,IL1R1,INO80,HTR2B,GMDS,GNPTAB,H6PD,GTF2I,HMCES,FUT9,ESF1,GALC,GRHL2,GOLGA1,F8A1,DYRK1A,FIS1,GMDS,FBXO27,GOT2,GLIPR1,GPAA1,FCHO2,HAPLN3,FMO4,FSHB,GIN1,GNB1,,,,TKFC,,
,TAP1,,OAS2,,TRIM21,,,,TRAF3,SHMT2,PLCG2,HIPK3,GTPBP4,FUT11,FOXD1,GIMAP2,FLCN,FGFRL1,ICOS,GLS,EPHB6,GC,HLA-DQA1,GZF1,FABP4,HLA-B,GPRASP3,FH,HIVEP3,HCFC1,GARS1,FGF23,ISG20L2,HAPLN4,HSPA1A,GRWD1,GDF10,GNPTG,FAM171A1,IL10,HOOK2,H2BC14,GCA,IFT80,ITGA4,HP1BP3,IL1RL2,IQGAP2,ID2,GNAQ,H1-7,HERC5,GXYLT1,HSPB6,GADD45G,ESRRA,GART,GSK3B,GPD2,F9,EBP,FNDC10,GPATCH2,FIS1,GRHL1,GLRX5,GPC1,FKBP11,HAVCR1,FNIP2,FTH1,GLUD1,GPR141,,,,TNF,,
,TEAD4,,OASL,,TRIM26,,,,TRAF3IP3,SIN3A,POLA1,HMOX1,HECTD4,GAS2L3,GAN,GIMAP4,FNDC10,FTH1,IFNLR1,GOLGB1,EPSTI1,GDF10,HOXB9,HHIPL1,FADS2,HLA-DPA1,GTF2H5,FRRS1L,HLA-DOB,HIPK1,GCSH,FRMD4A,ITFG1,HAT1,HSPA1B,GTF2IRD1,GEM,GORASP2,FAM171B,IL10RA,HP1BP3,HRH4,GCH1,IGF1R,ITGB2,HPS6,IL23R,ITGB1,IDH1,GNL3,HERPUD1,HGSNAT,HEBP1,IDH2,GALNT6,F9,GAS7,HEPACAM2,GSDMD,FAM110C,EFCAB2,FTMT,GSTT2,FLACC1,GTF3C5,GNA15,GSTM3,FOCAD,HINT1,FUNDC2,FYCO1,GP5,GPR183,,,,TRADD,,
,TRIM14,,PARP1,,VAT1,,,,TRAF6,SMIM30,POLR3A,IER5,HERC2,GNAQ,GAPDHS,GIMAP6,FNIP1,G3BP1,IGFLR1,GOSR1,EVA1B,GDPD3,HOXC10,HMCN1,FBXL17,HLA-DPB1,HDAC4,FZD7,HM13,HMG20A,GLE1,GBP2,ITPR3,HEATR5B,HSPB1,GXYLT1,GPR149,GPR19,FAM174A,IL15,HPS3,HS6ST2,GPR4,IGFBP4,JADE2,IDS,IL6R,ITGB3,IFITM1,GOLGA1,HIVEP1,HPSE,HIGD1C,IDH3G,GATA1,FAM110C,GEMIN5,HOOK1,HBS1L,FAM114A1,EIF4G2,GIMAP8,GTF2H5,FNDC10,GYG1,GNGT1,GTF2A2,FOXO3,HMGB3P22,GABBR1,FYN,HLA-DOA,GPRIN3,,,,TRAF2,,
,TRIM21,,PARP4,,VEGFC,,,,TRIM15,SMPD1,POLR3B,IL2,HNRNPA3,GRAMD1C,GFAP,GRAMD1C,FOXN3,GATAD2A,IGSF1,GPCPD1,EVI2B,GLB1L,HOXD1,HOOK1,FBXO42,HLA-DQA1,HMX2,GAS2L3,HMGA2,HS2ST1,GNPAT,GBP4,KAT14,HERC6,HVCN1,HELLS,GPR155,GZF1,FAM241A,IL18RAP,HSPBAP1,IDE,HNRNPDL,IL17RE,KCNJ8,IMPA1,IL7R,ITPR1,IFT22,GON4L,ICAM1,HSH2D,HLA-DRA,IFI27L2,GIMAP4,FAM204A,GIN1,HOOK2,HCST,FBXO25,EMC2,GLIPR1L1,GTSE1,FOXI1,HAUS7,GPAT3,GXYLT1,FUT4,HSF5,GATM,GAB3,HOOK1,GZMK,,,,TRAF3,,
,TRIM22,,PDXK,,XRCC6,,,,TRIM56,SP100,POLR3C,INHA,HNRNPH3,GRSF1,GIGYF1,GRAP,FOXP3,GIGYF1,IKZF2,GPT2,FAH,GLRX,HSD17B11,IGFBP3,FBXO9,HLA-DQB1,HOXD13,GGA1,HPSE2,IDH2,GTF2A2,GBP6,KCNAB2,HLA-B,HYI,HMG20B,GPR84,H19,FAM83H,IL1RL1,IFITM1,IGF2BP3,HNRNPH1,IL6R,KCNK6,INCENP,IQGAP3,JAKMIP1,IL10,GOPC,IL3,HYLS1,HMX3,IGLON5,GIMAP5,FAM20A,GIPC3,HOXA11-AS,HDAC1,FBXO31,EME1,GM2A,GYG1,GFOD1,HCCS,GPR137B,HAGHL,FYCO1,ICOS,GCA,GABARAPL1,HSPD1,HAVCR2,,,,TRAF6,,
,TRIM26,,PLAUR,,ZFP36L2,,,,TRIM65,STAT1,POLR3D,IPO11,HSD17B8,GSTCD,GK2,GTSE1,GBP2,GIMAP6,IKZF4,GTF3C6,FAM117A,GLYAT,IFIT1B,IL1B,FCER2,HLA-DRA,HSF2BP,GGA3,ICOS,IMMT,HIBCH,GBP7,KCTD20,HLA-DRA,ICAM4,HMGB1,GPRC5A,HBB,FBXO16,ITGAX,IFNGR2,IL10RA,HOMER1,INHA,KDM7A,INPP5B,ITGA7,JTB,IL18,GPI,ITGAV,IFI44,HTATSF1,INSR,GMPPB,FAM98C,GPR37,HS3ST3B1,HERC1,FCF1,EP300,GNRHR,HAUS3,GIMAP4,HIBCH,GPR146,HLA-DRB1,GAB3,IFT57,GIMAP2,GALM,IFI6,HBB,,,,TRIM25,,
,VEGFC,,PLOD2,,,,,,UAP1,STAT2,POLR3F,KCND1,ITFG1,GTF2A1,GNL2,GVINP1,GBP6,GOLT1B,IL17RB,IARS1,FCHSD1,GM2A,IFITM5,INA,FCGRT,HLA-DRB1,HSF5,GGTA1,ID3,INPP5A,HLCS,GCNT7,KDM2B,HUNK,IFT22,HNRNPA1,GRAMD1C,HERC3,FIGLA,ITM2A,IGF1R,IL4,IFIT1,IPO4,KIF13B,IPO9,KCNH5,KCNK2,IL5,GPS1,ITK,IFIT2,HYDIN,INTS9,GPM6A,FAU,GSK3A,HSD17B2,HLCS,FIBP,EXOSC4,GPR174,HIPK3,GP5,HIPK3,GRHL3,HLCS,GALNT3,IGSF9B,GLB1L3,GATA3,IGF1R,HEATR9,,,,,,
,XRCC6,,PLSCR1,,,,,,USP22,STING1,POLR3G,KCNK5,ITFG2,GUCD1,GPBP1L1,H2AC6,GLCE,GPBP1L1,IL17RE,IFIH1,GABRR2,GNL1,IGF1R,INSYN2A,FH,HLA-DRB6,IDH3G,GMIP,IGFL1,INTS13,HNRNPR,GEM,LARS2,IL12B,IGFBPL1,HNRNPLL,GTF2H5,HIP1,FRY,ITM2C,IGFBP4,INTS4,IMPACT,ITGA3,KLF3,IRF2,KIF18B,KCTD10,INTS12,GPT2,JMJD1C,IL2RB,IFNAR1,IRF2,GPR183,FBLIM1,GTF3C6,HYPK,HMGCR,FOXD2,FBXO30,GPR4,HMGN5,GPR108,HJURP,GSG1,HNRNPA1,GFI1,IL4R,GLUD1,GCNT1,IL17RA,HIP1,,,,,,
,ZFP36L2,,PMAIP1,,,,,,XIAP,TANK,PPM1B,KIAA2012-AS1,ITGA6,GUSB,GPR158,HBP1,GNA13,HADHA,IL18R1,IFNG,GIMAP4,GORASP1,IGFBP7,KANK2,FIG4,HLA-E,IGFL1,GNPTG,IGHG1,IRGQ,IARS2,GINM1,MAK16,IL12RB2,IL1B,HRAS,HES2,IER3IP1,FSD1,ITPR1,IKBKE,IPO5,ISY1,ITGA7,KLRD1,ITGB1,KIF23,KIRREL2,ITGAM,GPX4,JMY,IMMT,IGLC7,ITGA6,GSTK1,FBXW9,HCFC1,IFT74,HSD17B1,FOXO3,FCER1G,GPR65,HNRNPA3,GPR25,HMGA2,HNRNPH1,IFT57,GFPT2,IL6R,GRAP,GFI1,INO80B,HNRNPUL1,,,,,,
,,,PML,,,,,,ZBTB20,TBK1,PQBP1,KLHL14,IVD,H1-2,GPR173,HPCAL4,GPR171,HMGB2,IL2RA,IL13,GLCCI1,GPAA1,IL13,KCNE1,FLVCR2,HRK,IL20RB,GRK3,IHH,ITPA,IDH3A,GJA3,MAPRE1,IL13RA2,IL4R,HSD17B1,HGF,IL17RB,FSD2,ITSN1,IL17F,ITGA1,JMY,JAKMIP1,LAX1,JAK1,KLHL22,KLHL12,ITGAV,GRK5,KBTBD7,INTS4,IGLL1,ITGB3,GUK1,FEM1C,HMGA2,IL12B,HSPBAP1,FUT11,FGD1,GPX4,IDH2,GPR63,HPSE,HPCAL1,IMMT,GLCCI1,IL6ST,GTPBP3,GFPT2,IQCA1,IGSF10,,,,,,
,,,POLR2B,,,,,,ZC3HAV1,TBKBP1,PTPN11,KRTAP2-4,KDM4A,HCFC1,GPR179,ID3,GPR84,HMGCR,INPP5K,IL15RA,GLRX,GPR88,IL17RD,KCNG2,FN3KRP,HSPA4L,KAAG1,GSTP1,IL12RB1,JADE2,IDI1,GPSM2,MARCHF6,IL23A,INF2,HTATSF1,HIF1A,IRF2BP2,FXR1,JADE2,IL17RE,ITGB1,KATNA1,KCNIP2,LCOR,KIF20B,LEF1,KMO,ITGB2,GSDMD,KDM2B,IQCE,IL15,KDELR1,HIGD1B,FGFR2,HMGXB4,IL4I1,IFIT1,HADHB,FIG4,GSTK1,ILF3,GPX4,IDH1,HPGD,IPO11,GYG1,INSL4,HBS1L,GIT2,JAK3,IGSF9B,,,,,,
,,,PPP3CA,,,,,,ZCCHC3,TRAF3,PTPN22,LCNL1,KLF12,HOXD8,GPR87,IL7R,GPRASP2,HNRNPD,INSC,IL2,GM2A,GRPR,IL1R2,KERA,GAB3,IFRD1,KATNAL2,GTF3C5,IL36RN,KIAA1958,IMP3,GTF3C3,MAST3,IL7R,IQCE,IBTK,HMGCR,JUP,GALNTL5,KAT5,IL1R1,KCNA7,KCNG3,LARGE1,LMBR1L,KNL1,LRP12,KRTAP5-1,JUN,GSDME,KRTAP5-3,IQGAP2,IL18,KIF18B,HIVEP3,FGG,HNRNPL,IRF1,IFTAP,HEPH,FKRP,HES1,IMP4,GULP1,IDI1,HRG,IPO5,HEATR5A,ITPKB,HMGN3,GLIPR2,KANSL1L,IL18RAP,,,,,,
,,,PPP5C,,,,,,,TREX1,PTPRS,LGALS12,LDAH,HTATIP2,GRAMD1B,ING4,GRAMD1B,HNRNPL,ITGAE,IL34,GMFG,GSX2,IL25,KIAA1328,GALNT1,IGF2BP3,KCNV1,GUF1,ITK,KIF18A,INTS7,GYPC,MAT2A,IRF9,IRF1,IER3IP1,HSPA12B,KANK2,GIPR,KAT6A,IL23R,KCNK6,KCNIP2,LHPP,LPCAT4,LAIR1,LRP5,L3MBTL3,LAG3,GSPT1,LANCL3,KIF11,IL1RL2,KIF23,HLA-DRB1,FGR,HOMEZ,IRS2,ILRUN,HTRA2,FRRS1,HEXA,ING2,H2AC25,ING2,HSD17B11,KAT7,HEG1,KCNJ5-AS1,IL6R,GNAO1,KCNQ1,IL2RB,,,,,,
,,,PSMB10,,,,,,,TRIM41,PYCARD,LGALS4,LINC00667,IAH1,GRB7,IPCEF1,GRHL1,HNRNPU,ITIH5,INO80,GPLD1,HAAO,IL33,KIF11,GAS2L3,IL12RB1,KCTD7,HDHD5,JAM2,KITLG,IPMK,HELZ2,MDC1,ITPR2,ITPRIP,INSR,HTRA2,KBTBD7,GNMT,KCNJ8,IL6R,KCNQ5,KDM5A,LHX2,LPIN2,LARS2,LRRC27,LEF1,LAMP1,HEATR5B,MAFG,KIF21B,ISYNA1,KIF2C,HMGA2,FIRRE,HYAL3,KCNK6,INAFM1,HUWE1,FSTL3,HEXB,KCMF1,H3C7,ITGB2,HSPH1,KIF20A,IFI6,KCNQ1,ITPKB,GNB1,KCNQ5,ILRUN,,,,,,
,,,PSMB8,,,,,,,TRIM56,QKI,LINC00479,LPP,ICOS,GRIA3,IRAG2,HAGH,HYLS1,ITM2C,ITIH3,GPR183,HAGHL,IMPACT,KIF14,GMPR2,IL1B,KEAP1,HENMT1,KARS1,KLHDC10,JKAMP,HERC6,MEGF9,JUNB,JDP2,IPO11,IFIT1B,KCNA1,GPR155,KCNK10,IMMP1L,KLRG1,KDM6B,LIG1,LRBA,LEPROTL1,LYSMD2,LHFPL6,LAMP2,HGH1,MAP3K7,KLF2,ITSN1,KPNA2,HMGCR,FNIP2,IFITM10,KIFAP3,INCENP,ICAM2,GABPB1,HLA-C,KCNK6,HCAR1,KCNK6,HVCN1,KLF9,ITGAV,KLF3-AS1,KCNMB4,GPR19,KIAA0040,IQGAP1,,,,,,
,,,PSMB9,,,,,,,TRIM6,RAB2B,LINC00635,LRBA,IL1RN,GSC,ITGB7,HBA2,ICOSLG,KAT2B,ITIH4,GSDMD,HCN2,ITGA1,KIR3DL1,GPX1,INHBA,KRT1,HNRNPUL1,KCNJ8,KPNB1,KIF20B,HOXC5,MEPCE,KCNJ10,JMJD6,IRF4,IL1A,KCNF1,GPR20,KLRG1,INF2,KLRK1,KLF4,LIPT2,LRRK1,LRRC1,MFHAS1,LSM14A,LEPROT,HK2,MAPK8IP3,KLHDC1,JCHAIN,KRT222,HMGN3,FOXD2,IL18BP,KREMEN1,INPP4A,IDH2,GAL3ST4,HLA-DOA,KIFAP3,HCST,KIAA0753,HYPK,KLHL30,ITPRIP,KLHL3,KCNN4,GPR68,KRT2,IRF4,,,,,,
,,,PSME1,,,,,,,TRIM65,RBX1,LINC00698,MAML2,INSM2,HES2,ITM2C,HFE,IFNAR1,KCND2,JAK2,GUCY1A1,HEPACAM2,KCNA3,KRBOX1,GRK3,IQCH,KRTAP19-1,HSD11B1,KCNMB1,LAMC3,KNTC1,HRCT1,METTL1,KCNN2,JUN,ITGA6,IL1B,KCNQ3,GPR22,KLRK1,INHA,KRT5,LAX1,LRRC49,MAPKBP1,LRRC61,MIR206,LY6D,LIPA,HS3ST1,MBTD1,KLHL42,JUN,KRT39,HOMER3,FUT11,ILKAP,KRT31,IPMK,IDH3A,GALC,HPS3,LAP3,HENMT1,KIF20B,IDS,LIN28A,KATNB1,LAMTOR5,KCNQ1,GRAMD4,LCE1C,ITGB1,,,,,,
,,,PTPN11,,,,,,,TTLL12,REL,LINC01949,MBTPS2,ISG20L2,HHAT,JMJD1C-AS1,IARS1,IL21R,KCNH2,KCNQ5,H2BC3,HIP1,KCNE5,LGSN,GSTP1,IQGAP2,KRTAP4-7,HTT,KIF13A,LATS2,LAIR1,HTR7,METTL24,KCTD7,KAT14,JUP,IL23A,KIF17,GREB1L,KMT2B,ITGA3,LIG1,LINC-PINT,LRRC75A,MCTP2,MAP2K1,MRPS5,MAN2A2,LMAN1,IFITM3,MIR155,LARS2,KBTBD2,LGALS1,HOXB5,FYTTD1,ING5,LAMC2,IRF9,IL15,GDI1,HSD17B11,LDHA,HES1,L2HGDH,IFI44L,MACC1,KCNAB1,LDHB,KIAA1586,GTDC1,LEF1,JOSD1,,,,,,
,,,RBBP4,,,,,,,TYK2,RELB,LINC03019,MDN1,ITGB2,HOXD4,KIAA0513,IFIH1,IL4R,KCNQ4,KLHDC2,HAL,HIRA,KCTD12,LILRP2,H2AZ2,IRAK1,L3MBTL3,IDH3G,KLK13,LCLAT1,LCLAT1,IFITM3,METTL3,KIF9,KCNE3,KAT14,IL6,KLF1,GRIK1,KSR1,ITGA7,LPCAT4,LMAN1L,LRRC8D,MED12L,MBLAC2,MYBL1,MBNL3,LMBRD2,IFRD2,MIR23B,LRRC8C,KBTBD7,LGR5,HPS4,GABRR2,INSR,LANCL3,ITGB3BP,ING3,GID8,IFFO2,LGR5,HEXB,LBR,IMMP1L,MALAT1,KLC2,LDLRAP1,KLF3-AS1,GZMK,LGMN,KDM5C,,,,,,
,,,RBMX,,,,,,,UBE2K,RIGI,LINC03103,MED13L,JAK1,HSF2BP,KLF3,IFIT1B,ILF2,KDSR,LACC1,HAPSTR1,HPS6,KDM6B,LINC00307,HAUS1,IRF1,LINC00339,IL17RA,KRT77,LINC01160,LPL,IFT172,MINDY1,KLRK1,KMT5C,KDM2B,IRAK2,KRT28,GUCY1B1,LAG3,JAKMIP1,LPIN2,LMBR1L,LTB4R,MFSD8,MCM2,NDRG2,MCM5,LRP1,IGF2BP2,MNT,MAN2A1,KCTD20,LIG4,HSPE1,GAPDHS,INTS11,LHCGR,ITPA,IPO11,GK,IGKC,LINC01160,HGD,LCMT1,KCNE1,MAPK13,KLF13,LEF1,KLHL3,HERPUD2,LINC01356,KLRD1,,,,,,
,,,RHOC,,,,,,,USP18,RIOK3,LMOD3,METAP1D,KIAA0319L,IFFO2,KLRB1,IL1R2,ILKAP,KLHL26,LANCL3,HCST,HSFY2,KIFC3,LINC00648,HDGF,IRF7,LINC00964,INO80E,KRTAP4-3,LTN1,LRRC20,IL12RB2,MRPS2,LGALS7,KNSTRN,KIAA0930,ITPKC,KRT36,HOXD4,LASP1,KAT2B,LRBA,LUC7L3,MAML3,MINDY3,MDC1,NDUFA6,MCM6,LRRC58,IL6,MST1R,MAPDA,KDM5A,LMO4,ICOSLG,GATA3,IPPK,LMBRD1,ITPK1,JAGN1,GSTCD,IL10RB,LNX2,HRH2,LGALS1,KCNK6,MARCHF3,KLHL17,LEPROTL1,KRT72,HIP1,LRRN1,KRTAP12-2,,,,,,
,,,SEM1,,,,,,,USP27X,RIPK2,LPAR4,METTL2B,KIF22,IGF1R,LAPTM5,IL1RAP,IPCEF1,KLK11,METTL6,HEXB,HYAL3,KLC2,LINC00842,HMGB1,KCNJ6,LINC01278,IRF4,KRTAP4-7,MAD2L1BP,LUC7L,IL1RAPL1,MTAP,LIMS4,LAMTOR1,KIF1C,JMJD6,KRT81,HRCT1,LCLAT1,KCNH5,LRP11,MAFF,MAPK11,MIR140,MEN1,NDUFC1,MFSD2A,LYN,IL9,MT2A,MCM4,KIF2C,LRRC10B,IDUA,GLUL,ITGA8,LMNA,KHDC3L,KANK3,HCST,ITGB7,LPXN,HS3ST6,LIMS4,KLHL6,MCM9,KLRF1,LGALS14,KRT73,HNRNPUL1,LTA4H,LGALS9,,,,,,
,,,SKP1,,,,,,,USP29,RNF125,LRRC39,MIEF1,KLRK1,IGFBP3,LDLRAP1,IL22,IRAK2,KLKB1,MFF,HIP1R,IFITM5,KLHL18,LINC01019,HSD17B4,KCNK5,LINC01539,JTB,LAT2,MAF1,MANF,IRF1,MTMR10,LMBRD1,LDLR,KLF13,JUN,KRTAP19-5,HTR1B,LLGL2,KIT,MBOAT7,MBTD1,MCM2,MKRN1,MESD,NEBL,MKI67,MAFG,IRGM,MXD1,MEN1,KLF13,LY6G6D,IFI30,GNB5,ITGB2,LRCH1,KIF2A,KBTBD8,HMGXB4,ITM2B,LRR1,HSD17B11,LSM14A,KRTCAP3,MLKL,LATS2,LRRC8C,LDLRAP1,IDI1,MANEA,LINC00683,,,,,,
,,,SMAD4,,,,,,,WNT5A,RNF135,LRRC75B,MIPEP,KPNA3,IGFBP6,LINC01138,IMPACT,IRF4,KLRG1,MFSD6,HMG20A,IGHM,KMO,LINC01996,IDH1,KHNYN,LINC03006,KCNK6,LGMN,MAGED1,MAP7D1,IRF7,NAP1L1,LMOD2,LLGL1,KLF4,KANK1,LMOD2,HYAL3,LPIN2,KLHDC1,MCM5,MIR202,MCM7,MXD4,MIGA1,NEDD4L,MPPE1,MAP4K3,IVD,MXI1,METTL17,KLF2,MAN2A1,IL7R,GNG10,KBTBD2,LRRC41,KMT5B,KCNK5,HOMEZ,ITPK1,LRRC8D,HYAL2,MAPRE1,LCP2,MPEG1,LCP2,LRRN1,LINC00174,IDS,MCEE,LINC02880,,,,,,
,,,SP110,,,,,,,YTHDF2,RNF216,LYL1,MLXIP,LAMP1,IGFBP7,LINC01949,INKA1,ITGAL,KRT5,MRPL9,HSDL1,IL3RA,KMT2D,LINC02877,IFNAR2,KL,LMNA,KCTD11,LILRA2,MAP2K3,MCCC2,IRF9,NDUFB8,LRRC41,LMNB2,KLHL20,KBTBD12,LRIT2,IFIT2,LRRC32,KLHL6,MCOLN3,MTHFR,METTL8,NBEAL2,MLH1,NIPAL1,MRPL30,MCFD2,JAK2,NAB2,MSH2,KLF3,MARK2,IMPACT,GOLPH3L,KLHL36,LY9,KNOP1,KEAP1,HPS6,JPH4,LSM14A,HYI,MCPH1,LCT,MPHOSPH6,LGI3,MAL,LMLN,ITPR3,MMP28,LLGL2,,,,,,
,,,SRP9,,,,,,,YTHDF3,RNF26,MAFG,MPRIP,LAMTOR2,IGLL1,LINC02481,INPP5B,ITGB1,LGI1,MTRR,HVCN1,IL4R,KRT36,LMX1A,IMPDH1,KLHL10,LOXL1-AS1,KCTD6,LIMS2,MAP3K20,MEPCE,ITIH3,NELFB,LY6E,LRWD1,KRT10,KCNMB2,LRRC3,IFIT3,LRRFIP2,LARGE1,MCU,MXD1,MEX3B,NCOA1,MLKL,NPAS2,MSS51,MMP27,KMT2D,NDRG1,MTPN,KLF6,MCUB,INAFM1,GPLD1,KPNA7,MEDAG,LSM14A,KIAA1217,INTS11,KCTD14,LXN,IFFO2,MEF2B,LMO1,MREG,LIMK1,MAN1C1,LMO7,JOSD1,MPZL1,LPIN2,,,,,,
,,,SRSF2,,,,,,,ZBP1,SETD2,MAMLD1,MRTFB,LANCL1,IL1RL2,MAL,JAK2,ITPKB,LRP1B,MYD88,IFIT1,IMPDH1,LAG3,LRATD2,KCNE1,KRBOX1,LRRC73,KISS1R,LINC00623,MAP3K7,METTL24,JUNB,NFIC,LY86,LTBR,LFNG,KCTD9,LUZP2,IGFALS,LRRK1,LPP,MDM2,NFKBID,MFHAS1,NEK6,MPI,NRIP1,MYL4,MMP8,KRI1,NFAT5,NAAA,KLRG1,MGAT1,INPP5D,GPR65,LRCH4,MEF2B,LYAR,KIF1C,KBTBD2,KLHL25,MAP4K5,IFT140,MERTK,LPGAT1,MRPL27,LZTR1,MAP3K1,LYRM4,KATNAL1,MSRA,LRIG1,,,,,,
,,,SSBP1,,,,,,,,SIGLEC1,MCOLN1,MSRA,LIG1,INHBC,MAP3K1,KIF26A,IVNS1ABP,LRRC8C,MYH10,IFT80,IRF4,LDHAL6B,LRRC4C,KCNK6,LCN12,LYZL4,LAGE3,LINC01013,MAP4K4,METTL25,KCNQ2,NGLY1,MARCHF5,MALAT1,LRRC45,KLC3,LYPLA2,IL13RA2,LZTFL1,LRRC1,MGAT1,NKRF,MGLL,NKG7,MPP1,NSG2,NANOS2,MPI,KRIT1,NFKB1,NAIF1,KLRK1,MINDY1,IQCE,GPX2,LRRC46,MEP1B,MAPK4,LAMC2,KIFBP,LAMB3,MCM3,IGKC,MEST,LRRC8D,MRPL41,MAF,MAT2A,MAL,KSR1,MTA3,LRP8,,,,,,
,,,STAT1,,,,,,,,SIRPA,MDM2,MSTO1,LY86,INPPL1,MARF1,KLHL20,KCNA3,LRRN2,MYH7,IL1R2,ISG20,LETM2,LRRC77P,KDM2B,LGALS3BP,MAGEC2,LIAT1,LINC01521,MAPRE2,MMACHC,LCP2,NOP56,MDFIC,MAPKAPK5,MAK16,KLK4,LYZL6,IL1F10,MAP4K5,LTB,MLKL,NLGN3,MGRN1,NOD1,MSL1,NSMCE2,NEMP2,MRC1,LIF,NFKBID,NCAPG,LANCL2,MKLN1,IRX3,GRPEL2,LYG1,MFHAS1,MAPK7,LAPTM5,KRCC1,LDHD,MCPH1,IMP3,MGME1,LUZP1,MRPL48,MAN1A1,MATCAP2,MAML2,LIMK1,N4BP2L1,LRRC9,,,,,,
,,,TAP1,,,,,,,,STAT1,MECP2,NAGA,MAPK1,INS,MBP,LACTB,KDM3B,MB,NAB1,IL1RAP,ITGA2B,LGALS3,LYNX1,KLHL9,LINC00205,MAP3K11,LMNA,LLCFC1,MBNL2,MMUT,LGALS3BP,ORC6,MEN1,MATK,MAP7D1,L3HYPDH,MARK1,IL21R,MARCHF8,LYSMD2,MRPS22,NR1D2,MGST2,OTUD7B,MTMR9,PCBP3,NIBAN1,MRPL11,LIX1L,NFKBIZ,NELFCD,LEPROT,MMADHC,ITGA10,GSTA5,MAB21L2,MFSD3,MAT2A,LGALS1,LCP1,LPCAT2,MFSD6,ING1,MIX23,LY9,MRPS26,MAP3K5,MCCC2,MATCAP2,LPIN2,NBEA,LUZP1,,,,,,
,,,TEAD1,,,,,,,,STING1,MIP,NBAS,MAPK14,INSC,MED13L,LDHB,KLRG1,MDGA2,NAGLU,IL1RL1,ITGA8,LIMS4,MAGEB2,KYNU,LINC00639,MCTP2,LMNB2,LPAR5,MED18,MPHOSPH10,LHX5,P4HB,MFSD1,MED12,MARS2,LAPTM5,MED15,IRF1,MOSMO,MACF1,MUC20,NR4A1,MPP2,PDE7A,NCOA7,PDLIM1,NONO,MS4A4A,LPGAT1,NINJ1,NINJ2,LGALS3,MNAT1,ITPR1,GSTM1,MAF1,MINDY3,MAX,LMNA,LONRF3,LRP2BP,MIS12,ITGB7,MOB1B,LYPLA1,MTFR1,MAPKAPK2,MDN1,MAX,LRIG1,NCOA4,LYAR,,,,,,
,,,TRAPPC10,,,,,,,,SYK,MIR663AHG,NBEA,MED8,INSYN1,MEF2D,LEFTY2,KSR1,MEDAG,NEK1,IRF7,ITPR3,LINC00301,MAMDC4,MAF,LINC00842,MKRN2,MAF,LYZL4,MED27,MRPS35,LRRK2,PA2G4,MICU2,MEGF8,MAST3,LIMK2,MEP1A,IRF7,MRGPRF,MARCHF3,MYH1,NR4A2,MRPS2,PHLPP2,NCOR2,PGK1,NR3C1,MSRB1,LPP,NMD3,NR1I3,LIMK1,MRC2,KAZALD1,GSTT2,MAS1,MKNK1,MCEE,LRRC66,LRRC46,LRRC66,MRE11,ITPK1,MRE11,MAP3K3,MYO5A,MBD2,METAP1D,MEF2A,LRP10,NDFIP1,LYPD6B,,,,,,
,,,TRIM14,,,,,,,,TANK,MMP2,NDC1,MEMO1,KBTBD4,MIAT,LITAF,LAMTOR4,MEF2D,NFKBIE,ITGB8,KCNF1,LKAAEAR1,MAN1A2,MAN2B2,LINC00851,MROH8,MAOA,MARCO,MFSD11,MTPAP,LRRN4CL,PAFAH2,MINPP1,MLLT1,MDC1,LRATD2,MITD1,IRF9,MS4A4A,MEIS3,MYL4,NR4A3,MSTO1,PIK3AP1,NEDD4,PI4K2A,NRM,NAV3,LRP12,NNAT,NSD2,LIMK2,MRNIP,KCNE4,GUSB,MDM2,MPEG1,MCM7,MAGED1,LRRC58,LTB,MRPL20-AS1,KCNMB2,MRS2,MAPK1,NAT8L,MBD6,MINDY1,METAP2,LRP8,NMNAT3,MAP3K1,,,,,,
,,,TRIM21,,,,,,,,TBK1,MTCL2,NF1,MGST1,KCNQ1,MICAL1,LRRC75A,LAPTM4A,MGST2,NFKBIL1,ITM2C,KCNG4,LMNA,MBLAC2,MAOA,LINC02297,MYOT,MAPKAPK5,MDGA1,MGAT1,MYADM,LRRTM4,PAK1IP1,MOCS2,MPG,MED16,LTV1,MPPED2,JHY,MYH4,MMP9,MYO6,NUFIP2,MYBBP1A,PITPNM1,NFYB,PIMREG,NUDT21,NCEH1,LRPAP1,NR3C1,NUSAP1,LPL,MRPL9,LAP3,HBP1,MDM4,MRPS10,MEX3B,MAP3K1,LSM3,LY86,MRPL51,KRTAP8-1,MTSS1,MAPK14,NDEL1,MBNL2,MIR16-2,MINDY1,MAN1A1,NOG,MAP3K12,,,,,,
,,,TRIM22,,,,,,,,TICAM1,MXI1,NSMCE1,MPHOSPH6,KLC3,MIR23AHG,MAGEA11,LARP1,MICALL1,NLK,KBTBD11,KCNH2,LRP1B,MCM4,MAPK1,LRRC4C,NBAS,MCM5,MGAM,MMGT1,MYCBP,LY6E,PDCD6IP,MX2,MRPL12,MEGF9,MAN2C1,MRAP2,KCNAB1,MYO1D,MYO10,NAIF1,NUP210L,MYO10,PKD2,NUMA1,PKIB,OARD1,NDEL1,LRRC28,NR4A3,NXPE3,LRATD2,MRPS26,LBX1,HEPH,MEMO1,MRPS34,MFAP2,MAP7D1,MAP3K20,MACIR,MTCP1,LAMB3,NAA40,MCTP1,NDUFAF7,MBNL3,MORC2,MIR136,MAPKAPK2,NRCAM,MARK2P21,,,,,,
,,,TRIM26,,,,,,,,TICAM2,NARF,NUDT7,MRPL2,KRTAP19-3,MXI1,MARCHF5,LARP7,MMP2,NOL8,KCNA3,KDM5D,LRP6,MILR1,MAPKAPK5,LRRC77P,NEK8,MCM9,MOBP,MOG,NAA10,MAPKAPK2,PDP1,MYBPC1,MRPL17,MFHAS1,MAP3K5,MRI1,KCNJ10,NBR1,NAGK,NEDD4,OTULIN,NAPEPLD,PLAAT3,NUP133,PKP4,PAIP2B,NPC2,MAFG,ODC1,OXSM,LRP10,MRPS31,LIFR,HLA-E,METTL13,MYEF2,MGA,MECR,MARCHF6,MAP4K3,MTRES1,LDLRAP1,NCAPD2,MDN1,NDUFS6,MDGA1,MRPL32,MMP28,MBD2,NSL1,MAST2,,,,,,
,,,XRCC6,,,,,,,,TIRAP,NEU1,OSBPL1A,MSH5,LRGUK,MXRA7,MFF,LMBR1L,MRAP,NOS3,KDM7A,KLF7,LRRC17,MIR4453HG,MCCC1,LYNX1,NEUROD2,MCRIP2,MS4A15,MRPL45,NDUFA8,MATN2,PELP1,NEK11,MRPS18B,MIGA1,MIR9-2HG,MSC,KDM4D,NEDD4,NCALD,NEFH,PAF1,NDRG1,PLCB3,NUP155,PLEKHF1,PATJ,NRP2,MAN1A2,ORAI1,PEX10,LYRM9,MTF2,LPXN,HS3ST2,METTL5,MYO15B,MID1IP1,MEF2D,MARK2,MCAT,MYBL2,LEMD1,NCBP1,METTL13,NME7,MESD,MRPS24,MORC2,MICAL2,NUCB2,MBOAT1,,,,,,
,,,ZFP36L2,,,,,,,,TLR2,NLRP8,OTUD4,MT1E,LRIT2,NBPF1,MFHAS1,LRFN3,MTMR3,NSUN6,KIAA0040,KRT33A,LRRN4CL,MLX,MCM9,MAP4K5,NKAIN1,METTL1,MTHFD2L,MRPS6,NDUFAB1,MCL1,PHETA2,NEK7,MT1E,MLH1,MKI67,MSX1,KHDC1L,NIBAN1,NDUFS3,NINJ2,PCF11,NEURL1B,PLXDC2,NUP210,POLR2G,PDE2A,NUDT2,MAP3K2,PAN3,PGBD1,MAP4K4,MXD3,LTV1,HTR2B,MIB2,NAB1,MLH1,METAP1D,MARS1,MCF2,MYEF2,LHX3,NDUFA8,MGAM,NMT1,MIR199A1,MSL3,MPHOSPH8,MRPL10,OR2AK2,MEF2C,,,,,,
,,,,,,,,,,,TLR3,NMB,OXCT1,MTPAP,LRRC72,NBR2,MGAT4A,LSG1,MXD1,NUP54,KLRG1,LAMC1,LYPD5,MORN3,MEN1,MDGA1,NOP56,MGME1,MYDGF,MTHFD1L,NDUFAF2,MOV10,PIGN,NFKBIA,MYO1E,MNT,MOB4,MTERF2,KIAA1614,NKG7,NEB,NRP1,PDCD1LG2,NLE1,PMP2,NXN,PRMT5,PHF2,OLFML3,MARK4,PDCD1LG2,PGD,MARCHF7,MYBPC1,LY86,HTRA2,MKLN1,NBEA,MNS1,MFHAS1,MBD2,MDGA2,MYL4,LINC02291,NELFE,MYL4,NSA2,MNX1,MSL3B,MRPL32,MVD,OSBPL5,MERTK,,,,,,
,,,,,,,,,,,TLR4,NRARP,PARN,MYCBP,LRRTM2,NDE1,MIB1,LSM5,NCCRP1,ODR4,KMT2E,LDHC,MAP3K1,MRFAP1,METTL23,MFAP5,NRG4,MIB2,MYH3,MTMR9,NFIC,MPST,PIGX,NLRC5,NANS,MOB3A,MRPS5,MUSTN1,KIF4A,NOTCH2,NEBL,NUP93,PDE4A,NLK,POGK,NXPE3,QPCT,PLSCR4,P2RX4,MAST3,PHLDA1,POLE2,MARK2,MYL11,LYAR,IDH2,MOB3A,NDUFB5,MRPL44,MFSD3,MDM2,MED7,NAMPT,LRRC66,NEMF,MYO1D,NSMCE4A,MPP1,MT1L,MRPS27,MXD4,OSGEPL1,MIR21,,,,,,
,,,,,,,,,,,TLR7,NTMT1,PATL2,MYO1E,LY6G6D,NDRG1,MOG,LSM6,NDRG1,OGFOD1,L1CAM,LIMK2,MAP3K3,NDRG4,MIS18BP1,MFSD2A,NRXN3,MKRN2,MYL12A,MTX3,NGLY1,MX1,PIGY,NOS2,NCAPH2,MRPS26,MTF2,MXD3,KLRD1,NSD3,NIN,ONECUT2,PITPNM1,NME1,PPM1J,OPA1,RAB3IP,PNPT1,PDE7B,MCTP1,PHLDA3,POLH,MAU2,MYO1C,MANF,IFITM5,MOSMO,NFKBID,MRPL51,MICU3,METTL6,MEIS1,NANS,LY86,NIPA2,NAB1,NT5DC1,MRGBP,MTHFD1,MRRF,MYH9,PAFAH2,MIR24-2,,,,,,
,,,,,,,,,,,TLR8,NUBP2,PBX3,NDUFB2,LYPD3,NDRG3,MRPL9,MALAT1,NETO1,OSGEPL1,LAMC1,LINC01973,MAP3K6,NLRC3,MKKS,MMADHC,OPLAH,MPHOSPH8,MYO1E,MXD4,NHP2,MX2,PINX1,NOVA2,NCBP2AS2,MRTO4,MTREX,MYO10,LCP2,OSGEPL1,NPAS2,P2RY12,PLK3,NOL12,PPP1R12A,OTUB1,RAB4A,POLE2,PDGFA,METTL16,PIM1,PPA2,MCMBP,MZB1,MDFI,IFT57,MPC1,NKTR,MRPS12,MIF,MGST1,METTL21A,NCBP1,MACIR,NLRX1,NCBP2,OXSM,MXD4,MYB,MTA3,MYO1F,PALS2,MIR365A,,,,,,
,,,,,,,,,,,TLR9,OLR1,PCCA,NDUFS2,LYRM1,NLRC3,MRPS6,MARK2,NEUROD4,OXNAD1,LGMN,LIPN,MARCHF3,NMUR2,MKRN1,MR1,OR10D3,MRPL34,NEBL,MYB,NME6,NAA25,PITPNB,NPAS1,NDUFB10,MTRR,MYH2,NBEA,LGI1,PCYT1B,NR1D2,PDSS1,POLG2,NOP56,PPP3CA,PABIR2,RALGPS2,POLG2,PDPN,MEX3A,PLK3,PRC1,MCU,NAGK,METAP1D,IGBP1,MPHOSPH6,NMT2,MRTFA,MMUT,MIB2,MORC3,NDE1,MAEL,NMT1,NCKAP1L,PABIR2,MXRA7,MYCBP2,MTHFD1,NABP1,PBX3,MIR96,,,,,,
,,,,,,,,,,,TOMM70,OR4C1P,PCNT,NEDD1,MAPK4,NLRC5,NCOA1,MICOS13,NIPAL1,PARS2,MAN1A1,LMF2,MBTD1,OLFML2B,MLST8,MTHFD2L,OR51B6,MRPS7,NEUROD2,NADK2,NOB1,NECTIN4,POLR2D,NPC2,NDUFS5,MTSS1,MYO5B,NCOA3,LIFR,PDE1A,NT5E,PKIG,PPP1R10,NPAS2,PREX1,PBK,RAMP1,POU6F1,PHYH,MPZL1,PPP1R16B,PREX1,MFSD14B,NASP,METTL1,IKBKE,MREG,NR4A2,MTG2,MRPS10,MMS22L,MRGPRG,NDUFAF3,MAP4K3,NOP14,NCOR1,PBDC1,MYBL1,NACA4P,MTRFR,NCKAP1,PCYOX1L,MVD,,,,,,
,,,,,,,,,,,TRAF3,ORC6,PCSK5,NEDD4,MAPK8IP2,NOL12,NDST2,MID1IP1,NOX4,PCGF5,MAP2K6,LRAT,MCTP2,ONECUT1,MRPL13,MYCL,OR6A2,MTCP1,NGFR,NCOA1,NOP10,NKG7,POLR2H,NPHS2,NEIL1,MYO19,NANS,NFXL1,M6PR,PHETA2,NXPE3,PLAT,PRAM1,NSG2,PTGER4,PCYOX1,RAPGEF4,PPA1,PLAU,MRPL38,PPP2R2A,PRKACB,MROH2A,NCAPG,MMP12,IL10RB,MRPL41,NRP2,MYL2,MSR1,MRPL19,MRPL23,NELFE,MCF2,NR2C2,NGRN,PBX1,MYH9,NAP1L4,MYOM1,NCOA7,PDK1,MYBL1,,,,,,
,,,,,,,,,,,TRAF3IP1,OSM,PDCD4-AS1,NIBAN1,MATN2,NR1D2,NGLY1,MKNK2,NRP1,PDE3B,MAP3K3,LRRN1,MEF2D,OR2K2,MRPL36,MYDGF,P2RY11,MTRES1,NLRC5,NECTIN3,NPEPL1,NPC2,PPIL4,NPNT,NFIC,MYO7A,NEDD8,NLRP12,MAML2,PHOSPHO2,OSTF1,PLEK,PRKAB2,NSMCE1,PTK2B,PCYT1B,RARG,PPAT,PLEK,MRPL4,PTGER2,PRR12,MRTFA,NDC1,MMP20,IL12B,MSL3,NT5C,NCOA6,MTR,MRPL51,MRPS24,NEURL1B,MINAR2,NRDC,NINJ2,PDCD6,MYO5A,NBEA,N6AMT1,NEDD9,PFAS,MYO1F,,,,,,
,,,,,,,,,,,TRAF3IP3,P2RY2,PDIA5,NIPSNAP3A,MEOX2,NRIP2,NODAL,MKS1,NRP2,PDLIM5,MATK,MAPK8IP1,MFSD2B,OTULINL,MRPS7,MYO1E,PCDHB2,MYOT,OGFOD3,NF1,NSUN2,NPNT,PPRC1,NR1H2,NFKBIL1,N6AMT1,NFKBIA,NLRP4,MAPK14,PIGC,OTULINL,PLXDC2,PSD,NT5DC3,PTP4A2,PIP4K2B,RETREG1,PRMT5,PLEKHB2,MRS2,RABGEF1,PYGB,MSL1,NDC80,MRPS7,IRS2,MTF1,NUDCD1,NDC1,MTRES1,MRPS16,MTCL1,NIPA2,MMP13,NUP205,NUDCD3,PECR,N4BP1,NDUFAF7,NAT10,NF1,PGAP2,MYO9B,,,,,,
,,,,,,,,,,,TRAF6,P4HA1,PDSS2,NMRAL1,MFAP5,NTNG2,NOTCH1,MPDU1,NT5DC3,PEX7,MEX3B,MASP2,MSI2,PCDHB19P,MRRF,MYOF,PCDHGB5,MYT1L,OR3A2,NNT,NUP43,NUDT13,PPWD1,NUDT13,NLRP3,NCBP3,NISCH,NPR1,MAPKAPK2,PIK3AP1,PAQR7,PLXNC1,PTPN23,NT5E,PTPN11,PIP4P2,RFLNB,RASGRP1,PLEKHO2,MSI2,RARA,RAB3A,MTDH,NEIL1,MTF1,KCNK6,MTFR1,OLFML2B,NDUFA13,MYCBP2,MT4,MYLK4,NKAP,MOSPD3,ORC6,OGA,PFDN4,NAA38,NEK6,NOG,NKG7,PGBD4,NABP1,,,,,,
,,,,,,,,,,,TRAIP,PARD6A,PEX10,NOXRED1,MN1,NUMA1,NOTCH2,MR1,NT5E,PHLDA3,MXRA8,MED16,MSL1,PER3P1,MRTFB,MYT1,PCGF1,NCAPD3,OR5H1,NOA1,ORC6,NXPE3,PRKAB1,OOEP,NOCT,NFIC,NOP14,NR2E3,MAPRE2,PIK3R4,PARP6,POLM,PYGM,ODAD1,PTPN13,PKN1,RFPL3S,RBBP6,PLK3,NAA16,RASA2,RAD50,MTMR12,NODAL,MYLK4,KLRG1,NADK,PDHA1,NDUFB10,MYO7A,MTERF4,MYOZ1,NOXO1,MPST,OSBPL3,P2RY2,PFKFB4,NCALD,NELL2,NOL11,NOD1,PIGM,NAV3,,,,,,
,,,,,,,,,,,TREX1,PBX4,PEX7,NUBPL,MPP2,OPTN,NPC2,MT2A,NTM,PIGN,MYLIP,MOS,MYOZ3,PEX6,MS4A4A,NDUFA10,PCIF1,NCAPG2,PAX8,NRDE2,OSBPL7,NYX,PRKCB,OPTN,NOL12,NISCH,NPPC,NUBP2,MAS1,PLSCR4,PDE6D,PPFIBP2,RAB3GAP1,PAQR8,PTPRE,PLXDC2,RGS10,RBMX,PLXNA1,NOP14,RELA,RIPOR2,MTMR9,NR4A2,MYO10,LUZP1,NAP1L4,PDLIM5,NDUFS4,NCOA1,MXD3,MYRF,NT5C2,MTAP,PARM1,PBLD,PHB2,NCBP3,NFRKB,NOM1,NR3C1,PIM2,NBEAL2,,,,,,
,,,,,,,,,,,TRIM15,PCLAF,PLD6,NUDT2,MPZL2,ORAI3,NT5DC1,MYH9,NWD2,PIP5K1A,MYO1F,MS4A10,NCOA1,PLD4,NDUFA8,NECTIN3,PDCL,NDUFAF7,PCDHGB5,NRM,OTULIN,OAS1,PRMT3,P2RX1,NR1H2,NLRX1,OAZ1,OLFM1,MGAT4A,PLXDC2,PLAUR,PPM1G,RBM15,PBK,RABGAP1L,POC1B,RIPK3,RDH13,PLXNB2,ORAI3,RELB,RNASEH2B,MTUS1,NUSAP1,MYO19,LYPD6B,NAT8,PGF,NOP56,NDUFC2,NAA35,NCF4,NT5C3B,MTIF3,PEX19,PBXIP1,PHLDA1,NEDD9,NLRP3,NUDCD3,ODF2L,PJA1,NCOA7,,,,,,
,,,,,,,,,,,TRIM21,PCNA,PMS2P1,NUSAP1,MST1,OTULINL,OSBPL8,N4BP2L2,OIT3,PMS1,NBEAL1,MT1E,NNMT,PLD5,NDUFC2,NFE4,PGGT1B,NFIC,PCLAF,NUDT15,PDXDC1,OPTN,PRMT7,PARP8,NSA2,NRBF2,ODAD2,PADI6,MINAR1,PODXL,PLEKHB1,PPP3CA,REL,PCBP3,RAC3,POLR3K,RMRP,REXO1,PPHLN1,ORC1,RHBDD1,RPA1,MUC13,OPTN,MYPN,MAN2A1,NAT8L,PKD2,NSMCE4A,NECAP1,NDUFA13,NDUFB9,NUCKS1,MUC16,PGPEP1,PCDHB12,PLRG1,NF1,NPAT,NUMA1,OGDH,PLAG1,NECAB3,,,,,,
,,,,,,,,,,,TRIM27,PERP,POLA1,OSBPL11,MTG2,P2RY10,PARD6B,NARF,PADI4,POLK,NMB,MTA3,NRN1,PLEKHN1,NFXL1,NLRC3,PHF20,NFXL1,PDLIM4,NUS1,PHB1,PAPPA2,PRPF19,PBLD,NSMF,NSMAF,OR13J1,PAQR3,MLKL,PRPF6,PLEKHF1,PRR19,RELB,PDLIM1,RAD54L2,PPAT,RNF38,RINT1,PPP1R7,ORC2,RNF149,RPA3,MYO1D,OSBPL9,MYRIP,MANF,NDUFA13,PLEKHA3,NXNL2,NIPA1,NFAM1,NECTIN4,NUDT4,NCF4,PHF10,PHC2,PLXND1,NFAT5,NSUN5,NUP43,OSBPL7,PLCL1,NEK6,,,,,,
,,,,,,,,,,,TRIM38,PFKFB4,POLR3A,OSTC,MYH11,P2RY8,PARP3,NEDD8,PANX3,PON2,NOD1,MTF2,OLFML2A,PLIN2,NLRC4,NLRC5,PHRF1,NOP56,PDZK1,OAF,PHETA2,PARP14,PSMD6,PCDHB7,OGFRL1,NUAK1,OSM,PDIA2,MTMR6,PRR5L,PNMA1,PSMA5,RMRP,PES1,RALGAPB,PPDPF,RNLS,RORA,PRF1,OSGIN2,RNF157,RPP25,MYO1G,PAFAH1B1,NAA16,MAP7D1,NEUROD2,PLEKHM3,PAXX,NLRP6,NHERF2,NEU2,NUP205,NEB,PHF6,PHF20L1,PNN,NHLRC2,NUDCD2,OTUD6B,OSTF1,PLEKHG4,NFATC1,,,,,,
,,,,,,,,,,,TRIM56,PFKP,POLR3B,OTULIN,MYO5C,PAQR8,PCCA,NID2,PDE6H,POU2AF1,NRIP1,MX1,OPN1SW,PLPBP,NPIPA1,NSUN2,PIP5K1B,NOTCH3,PEA15,OSBPL9,PHF10,PDGFRA,PSPC1,PCGF1,OVCA2,NUP155,P2RY13,PDZD11,MX1,PRSS45P,PNPLA7,PTCH1,RND1,PHLDB1,RAPGEF1,PPP1R21,RNY3,RPL19,PROS1,OSM,RORA,RRM2,N4BP2,PALM,NAB2,MAPK9,NFAM1,PLEKHN1,PCMTD1,NOXO1,NMB,NFKBIZ,OSBPL3,NEU2,PKP4,PI4K2B,POLD2,NINJ2-AS1,NUDT11,PAICS,OTOA,PLXDC1,NFATC2,,,,,,
,,,,,,,,,,,TRIM65,PHF21B,PPP1R10,OXR1,MYOF,PBXIP1,PDZRN3,NPLOC4,PFN2,PPP4R3B,NRP1,MYO16,OTOS,PNLIPRP1,NUDCD2,NSUN3,PLAAT3,NPRL2,PELO,OTUD1,PHTF2,PLCL2,PTCD3,PFKFB3,PAM16,NUP50,PAH,PHLPP2,MX2,PTGER4,PRKACB,PTPN13,SAFB2,PIK3IP1,RASGEF1A,PRC1,RORC,RPL3,PRSS46P,PBX3,RRAD,RYK,N4BP2L1,PARPBP,NAF1,MDM1,NHERF2,PLXDC2,PDAP1,NR2C2AP,NMNAT2,NLRP10,OXCT1,NGEF,PLK1,PID1,PPM1B,NOD1,OGDH,PAQR8,P4HA2,PNRC2,NIBAN1,,,,,,
,,,,,,,,,,,TYROBP,PHLDA1,PPP2R1B,PBK,NAGA,PCMTD1,PITPNC1,NSA2,PHC3,PRAMEF8,OS9,NIPAL1,OTUD1,PNMA8B,NUDT16L2P,NXT2,PLAC4,NSD3,PHLDA2,OTUD7B,PIGN,PLK2,RAB14,PHF6,PARK7,OMA1,PANK2,PKIA,MXD1,PTK2B,PRKCB,RAB11FIP4,SAMD8,PKIB,RFT1,PRKAG2,RPL10,RYK,PTGS1,PCCA,SAFB2,SAE1,NAAA,PCYT1B,NDRG1,MECR,NINJ2,POSTN,PDE6D,NRIP1,NNT,NOP10,PADI2,NGF,PLPP6,PLEKHN1,PRSS50,NPC1,OR1E1,PCYOX1L,PAH,PPFIBP1,NPC1,,,,,,
,,,,,,,,,,,UAP1,PHLDA3,PPP2R2B,PEX2,NEK2,PDE3B,PLEK,NTN1,PHLPP1,PSPH,OSGIN1,NKX2-4,PACSIN1,PNP,NUP155,ORC6,PLEKHO1,NSMCE3,PLAAT4,PCNX4,PLA2G12A,PLOD2,RAD17,PHLDA2,PARP2,OTULINL,PAPOLB,PNMA2,MYD88,PTPN11,PSD3,RAB15,SARAF,PKP4,RGS3,PRMT7,RPL12,SARS1,PTK2B,PCGF2,SARAF,SAMM50,NCF1,PEDS1,NDUFAF4,MESD,NOCT,PPP3CC,PHKA2,NUDT12,NOTUM,NR1D2,PAQR3,NR3C2,PLXNB2,POLR3F,PSMB7,NR2C2,OR1F2P,PFAS,PCNX3,PPFIBP2,NSD3,,,,,,
,,,,,,,,,,,UFD1,PHPT1,PRKAG2,PIGF,NFE2L3,PDE4D,POT1,ORAI2,PIANP,PURB,P2RX7,NOL12,PADI1,POGLUT2,NUP85,PARP14,PMS2P5,NUP85,PLEKHO1,PDGFA,PLIN4,PML,RIOK1,PLCL2,PICK1,P2RY2,PARD6B,PPP1R18,MYH11,PTPN13,QPRT,RAD54L2,SBDS,PLIN3,RNF216,PTCH1,RPL23,SEC11A,RAB14,PCM1,SDCBP2,SEL1L,NEK11,PFN2,NEGR1,MFSD4A,NOD1,PRRT4,PHKG2,ORMDL2,NRG3,NR3C2,PEX19,NSMCE4A,PMS2,PPM1J,PSMD13,NRG2,OR2L8,PIGK,PDE4B,PPM1N,NXPE1,,,,,,
,,,,,,,,,,,USP22,PLEK2,PRKCA,PLA2G7,NKX6-1,PDK3,PPFIBP1,OS9,PIK3R1,PWP1,PAQR7,NQO1,PARP4,POLR1E,NUP93,PAX8,PNMA8A,OTUD6B,PNP,PHF23,PLK3,PNPT1,RMND5B,PLEKHH1,PIK3R2,PAGR1,PAX3,PPP2R2D,MYO3A,PVR,RAB3IP,RAN,SERTAD1,POLR2L,RNF43,PTPRVP,RPL24,SEC16B,RAP2A,PDE7B,SESN2,SEMA4F,NHSL2,PHF19,NEMF,MIA3,NR2C2,PTCH1,PILRB,OSBPL3,NSMCE2,NRP2,PFKFB1,NUDT17,POC1A,PPP1CC,PTPN22,ODAD4,OR4Q3,PIM2,PEA15,PRDM5,ODF2,,,,,,
,,,,,,,,,,,XAF1,PLEKHF1,PRKCB,PLBD1,NOL3,PFKFB4,PPM1E,PATJ,PLAC8,QRICH1,PCMTD1,NSUN5,PATJ,PPP1R3C,NUTF2,PCDHB6,PPM1E,PABIR2,POC1B,PITRM1,POP5,POLR2C,RNF150,PML,PIMREG,PCDHB15,PCMTD1,PPP6R2,NFKBIA,PXN,RAB4A,RASD2,SET,PPDPF,RXRA,QDPR,RPL31,SETDB2,RBM47,PES1,SH2B3,SGO1,NIPAL3,PIMREG,NMB,MRPL15,NRF1,PTGFRN,POLE,OSGEP,NTSR2,NRROS,PHF6,ORM2,PSMB2,PPP2R1A,PTPRA,OSBPL7,PALM3,POLL,PHACTR2,PRKD3,OGDH,,,,,,
,,,,,,,,,,,XIAP,POM121L9P,PRKCQ,PLD4,NR1H2,PHC1,PPP2R1B,PBX2,PPM1L,R3HDM2,PGAP1,NTN1,PCSK5,PRIM2,OLFML2B,PLAAT4,PPRC1,PAGR1,PPCDC,PLEK2,PPEF2,PPM1K,ROBO2,PNMA2,PLPP2,PDE7A,PDAP1,PROM2,NOD1,RAPGEF1,RAB6B,RBM47,SF3B1,PPP1R8,SAMD3,RACGAP1,RPL32,SIGLEC15,RGS1,PEX12,SH2D2A,SGO2,NSD3,PITHD1,NOL8,MRPL46,NRM,PTPN1,PPP2R5D,OST4,NUP210L,OMP,PKP4,PAXX,PSPH,PPP4R3B,RABGAP1L,P2RX7,PCYOX1L,PPFIBP2,PHF12,PRPF38A,OR1C1,,,,,,
,,,,,,,,,,,YY1,PPM1A,PRPF38B,PMM1,NTF3,PIDD1,PSAPL1,PCNX3,PPP1R3F,RAB6A,PGLYRP1,PARVG,PFKFB4,PSMB7,OTUD6B,PLAUR,PPY,PALLD,PPIF,POLA1,PPM1G,PPP2R5A,RPL10,POLR2C,PNKD,PHAX,PDE4B,PRR3,NOXRED1,RNF111,RALGPS2,RGS16,SIK1,PRKCB,SAMSN1,RDH12,RPL37,SIT1,RNF103,PEX3,SIAH2,SIKE1,NXPH2,PKP3,NSUN4,MSRB3,NTNG1,RAB35,PWWP2B,P2RX4,NXT1,OSBPL5,PLPP6,PCBD2,PTBP3,PRKAB1,RALBP1,PARP8,PFKM,PPP1R2P1,PHF2,PTGR2,OR6K2,,,,,,
,,,,,,,,,,,ZBTB20,PPM1D,PSMD5,PNO1,NXPH2,PIK3IP1,RABGAP1L,PECAM1,PRDM2,RBBP8,PGLYRP2,PAX4,PHOX2A,PSMC3IP,OXLD1,PLEKHN1,PRTFDC1,PDCD6,PTCHD4,PPCS,PPP1R21,PRR5L,RPL13,PPM1K,POLD1,PHETA2,PDE6H,PRR9,NPY4R,RNF216,RAMP1,RNASEH2B,SKIL,PRSS12,SCYL3,RNF13,RPL38,SLAMF1,SAMSN1,PFKP,SIDT2,SKP2,ORAI2,PLCG1,NTN4,MST1R,OOEP,RAB3IL1,PYCARD,PAK4,OR2T33,OTULINL,PLXNB2,PDE4B,PTK2,PSENEN,RARB,PHLDB2,PHF19,PRDM5,PHTF1,PTPRK,OR7A2P,,,,,,
,,,,,,,,,,,ZC3HAV1,PRKAB1,PUDP,POLA1,PACRG,PIK3R1,RALGAPA2,PFDN2,PRG3,RBM5,PHF1,PCDH9,PLEKHO1,PSRC1,PAIP2,PLEKHO1,PTPRF,PET117,PTP4A3,PPP1R8,PPWD1,PSMB10,RRP15,PPM1L,POLR2I,PIGY,PEG10,PRSS44P,NUSAP1,RPTOR,RAPGEF4,RTN2,SLC25A25,PUS1,SELENON,RPUSD3,RPS12,SLC14A2,SBF2,PLA2G12A,SIK3,SLC25A12,OSER1,POC1A,NUDT12,MT4,OR2T33,RFTN1,RABGAP1L,PDE4B,P2RX1,OTX1,PMS2,PDIA2,PUS10,PSIP1,RBPJ,PIK3AP1,PIR,PRKAR1B,PI4K2A,PUS3,ORAI2,,,,,,
,,,,,,,,,,,ZCCHC3,PRND,QSOX2,PPP4R1,PBLD,PITPNC1,RAPGEF2,PFN1,PRKD3,RBPMS2,PHLPP1,PHOX2A,POU2AF1,PTGR2,PALLD,PNMA8B,PTPRK,PIK3CD,PTTG1,PPP4R3A,PREB,PSMB9,RRP9,PPP1R11,POLR2J,PLPP6,PEG3,PTBP1,OASL,SAMD3,RARG,RXRA,SLC35E2A,QTRT2,SEMA6D,RYK,RPS15A,SLC38A2,SCAMP1,PLBD2,SIPA1L2,SLC25A53,OVGP1,PPP6R3,OSGIN2,NAB2,OTOP3,RGL1,RAD52,PDGFA,PAFAH1B2,PAPPA2,POLE3,PHETA1,PUS7,PTGES3,RECQL,PIK3CG,PKHD1L1,PTK2,PIAS3,PXYLP1,PAK3,,,,,,
,,,,,,,,,,,,PRRX2,RABL3,PPT1,PCNT,PLAAT4,RB1,PI4KB,PRNP,RER1,PITPNM1,PITPNM1,PPP2R5B,PTH,PARP1,PNP,RAB4B,PITPNM1,RAB27A,PRKAG2,PRIM1,PSME2,RRS1,PPP3CA,POLR3H,POLR3G,PGGT1B,PTPDC1,ODAD2,SEC16A,RASA3,SCO1,SLC38A2,RAB3IP,SERPINA9,SAMM50,RPS19,SLC38A8,SCAMP2,PLCD4,SLC15A3,SLC33A1,PAQR8,PRDM6,P4HTM,NDUFC2,P2RX1,RNF180,RAF1,PEX11A,PAGR1,PDE1A,POP4,PIGP,QNG1,PTMS,RGS1,PIP4K2A,PMS2CL,PTMA,PIEZO1,RABL3,PCBD1,,,,,,
,,,,,,,,,,,,PURPL,RADX,PRKAB1,PDGFRL,PLAC8,RBPMS2,PNPLA7,PSMA8,REV3L,PLCB4,PLAUR,PPTC7,PTHLH,PAXBP1,POLB,RABGEF1P1,PLAGL1,RAB3IL1,PRKCH,PRIM2,PTAFR,SCYL1,PSMB10,PPP1R16A,POR,PIGA,PTPN13,PARP9,SEMA6D,RCBTB2,SDC2,SLC3A2,RAMP1,SH3BGRL,SDF2L1,RPS20,SLC6A7,SDCBP,PLD1,SLC17A6,SLC35A5,PBXIP1,PRG3,PARS2,NEDD8,PACC1,RNF39,RBM8A,PIGF,PARP6,PIWIL4,PPM1G,PIRT,RAB5A,PTPRCAP,RIC8A,PLEKHA5,PPWD1,PTPN6,PLEKHA2,RAD54B,PHACTR2,,,,,,
,,,,,,,,,,,,PUSL1,RALGAPA2,PSME2,PDHA2,PLEKHA2,REG1A,POLR3F,PTGS1,RGS2,PLEKHG2,PLBD2,PRCP,PTPN13,PCM1,POMP,RANBP6,POMGNT2,RALA,PRKX,PRKCH,PTTG1,SERBP1,PSME1,PRDM2,PPARGC1B,PIM3,PTPN9,PAX3,SETD5,RGS10,SDHA,SLC5A3,RAMP3,SIK3,SDHA,RPS26,SLC7A6,SEMA4D,PLD3,SLC25A19,SLC39A10,PCNT,PRKAG1,PHTF1,NIPA1,PAPOLG,RRP7A,RGCC,PIK3R1,PAX7,PLXNA4,PRDX2,PPFIBP2,RARS1,PTPRJ,RIOK1,PLEKHF1,PTK2,PTPRK,PMAIP1,RAPGEF6,PHF12,,,,,,
,,,,,,,,,,,,RAB20,RASGRF2,PTPN18,PDIA4,PLEKHB1,RGS20,PPIE,PTPN13,RGS3,PNPLA7,PLEKHH2,PRKCZ,RAB11FIP1,PELI2,PPP2R2A,RBFA,PPM1F,RBCK1,PROCR,PRPSAP2,RAB19,SETD1A,PSME2,PRMT7,PPIE,PIP5K1A,RAD21,PDE6H,SH3RF1,RHEBL1,SELENOI,SLC7A6OS,RAPGEF4,SIRT7,SEC24D,SESTD1,SMC3,SEPTIN2,PPP1R3D,SLC7A1,SLC39A3,PDCD6,PRKAR2B,PIK3AP1,NIPSNAP2,PCDHB10,RTF1,RHBDF2,PIK3R3,PDCD10,PPFIBP2,PRR5,PPP1R3C,RASAL1,RAB36,RMC1,PLXND1,PTPN6,PUM1,PNPLA6,RASGRP2,PI4K2A,,,,,,
,,,,,,,,,,,,RAMP2-AS1,RHNO1,RBM28,PDXP,PLXND1,RNF114,PPP4R3A,PVALB,RNF19A,PRKAB1,PNPLA1,PRR5L,RANBP10,PHF10,PPP3R2,RBM24,PRADC1,RC3H2,PSMD2,PSMA8,RASA4,SETD6,PTCHD4,PSRC1,PPOX,PKDREJ,RASGRF1,PDGFD,SIGLEC5,RIPK3,SELENON,SMAD7,RBM10,SLAMF7,SEPHS1,SFT2D2,SMS,SERP1,PREP,SMOX,SLC44A2,PDPR,PSMC3,PLA2G6,NKIRAS1,PITPNB,RXYLT1,RMND5B,PIM1,PDLIM7,PRCD,PSMB2,PRAMEF25,RBKS,RAF1,RPL18,PPP2R5E,RASA3,QTRT1,PPP2R5C,RBM43,PIEZO1,,,,,,
,,,,,,,,,,,,RASSF7,RNGTT,RBM38,PHACTR3,PNISR,RNF170,PRAF2,RAB11FIP2,RNFT1,PRKX,POLR3GL,PTCHD4,RBM46,PIGC,PSMA2,RBM28,PREPL,RCHY1,PSME3IP1,PSMD1,RBM43,SGF29,RAB11FIP1,PSTPIP1,PPP1R18,PLK2,RDH13,POLB,SLAMF7,RND3,SEMA6D,SON,REXO2,SLC16A6,SEPHS2,SH3BP5,SOS1,SKAP2,PTPN2,SPAG9,SMYD4,PDS5B,PSTK,PLEKHG2,NOP56,PLEKHG3,SANBR,RNF130,PITHD1,PIBF1,PRELID2,PSMD4,PRCD,RBM28,RASGEF1A,RPL37A,PPP4R1,RASSF3,RABEPK,PPP3CA,RMDN2,PKHD1,,,,,,
,,,,,,,,,,,,RBPMS,RSRC1,RCAN2,PLCD1,PNRC1,RNF19A,PSMB2,RAB3A,RPRD2,PRR14,PPP1R3B,PTH2R,RDH8,PIGH,PSMA3,RHCE,PRPS1,RFPL3,PTGS2,PSME3,RBMS2,SH3BP5L,RAB29,PTK2B,PPP1R3D,PLK3,REPIN1,PPP2R5A,SLC4A1,RORA,SH3RF2,SPAG9,RFLNB,SLC25A53,SH3KBP1,SHCBP1,SPATA6,SLC15A3,RAB20,SPATA2,SPC25,PID1,PTDSS2,PLPP1,NR2C2AP,PLEKHN1,SAP30,RNF31,PITPNM1,PIGN,PRKN,PTK2,PRPF40B,RBM44,RBM5,RPS11,PRKCE,RGMB,RABL3,PPP4C,SCAND2P,PPARA,,,,,,
,,,,,,,,,,,,RHBDD1,RTN4IP1,RHBDD1,PPP1R1B,PRMT2,ROBO2,PSMB7,RANBP6,RPS27,PTPN13,PRDM1,QPRT,RETN,PIK3CD,PSMA5,RPAP1,RABEPK,RGS22,PTPRJ,PXYLP1,RNF114,SIKE1,RAB8A,PTPN18,PRMT6,POU2AF2,RGS10,PSMB9,SMPDL3B,SBF2,SHC1,STAR,RGS10,SLC28A2,SIAE,SIAH3,SPNS3,SLC29A3,RBM12,SUCO,ST7L,PIGC,PTGDR,PPARGC1B,NUDT12,PLPP4,SBNO2,RPL13A,PLCG1,PIP4P2,PRPF40B,PTPN4,PRR22,RBMXL1,RINL,RTCB,PTK2B,RIC3,RANBP3,PPP4R1,SCRN1,PPP2R5C,,,,,,
,,,,,,,,,,,,RHOJ,SAMHD1,RIGI,PPP1R26,PRRC2B,RPRD1A,PTGES3,RASGEF1A,SAT1,PTPN18,PRDM9,RAB27B,RGMB,PKD2,PSMB8,RPP14,RAD1,RNF215,PURB,RAD17,RNF31,SLC11A1,RAG2,PTPRE,PTGER4,PPP1R12B,RHOF,PTAFR,SORBS1,SDC4,SLC25A13,STX5,RIPK3,SLC35B3,SIKE1,SLC25A27,STARD4,SLC31A2,RBMX2,SV2C,SUN1,PITPNC1,PTGR1,PRMT6,OPA1,POPDC2,SCD,SAFB,PNPLA2,PIP5K1B,PXYLP1,QRICH1,PTPN18,RCC1,RIOX2,RTEL1,PTPN1,RIPOR2,RASA3,PRKCE,SDK2,PRDM1,,,,,,
,,,,,,,,,,,,RNF150,SCFD2,RNF125,PRAMEF2,PRSS53,RREB1,PTP4A2,RCAN3,SATB1,PTPRE,PSEN2,RAPGEF2,RNF215,PLIN2,PSMB9,RSPO2,RAP2A,RNFT2,PURG,RBMX,RTP4,SLC16A1,RALA,RAB27A,PTPN9,PRDM1,RNF128,RGCC,SPATA13,SERPINI1,SLC25A53,SUCO,RORA,SLC38A9,SKAP2,SLC30A4,STAT4,SLC38A6,REPIN1,TASOR2,SVIL,PLCXD2,RAB2A,PRMT8,OSGEP,POU5F2,SELENON,SBNO1,POMGNT1,PLEKHA2,RABAC1,RAD51B,PURG,RCCD1,RNASE1,RTP4,PTPN22,RMND5B,RASGRP2,PTPN9,SERTAD2,PTGDR,,,,,,
,,,,,,,,,,,,RNF227,SKAP1,RNF130,PRUNE1,PWWP2B,SACS,QRICH1,RCN1,SAYSD1,RAB37,PTPRE,RARG,RUNDC3A,PLOD1,PSME2,SCYL1,RASL10A,RTP4,RAB6A,RMND5B,RUNX3,SLC25A13,RASA4,RABEP1,RGS19,PRDM15,ROGDI,RIGI,SPP1,SESTD1,SLC35F2,TAGAP,RORC,SMAD3,SLAIN2,SMAD1,TAF15,SLC43A2,RHOQ,TGIF2,SYT11,PMM2,RAB7A,PTPRC,OSTM1,PRR22,SGK2,SCRN3,PPIP5K1,PLEKHN1,RASAL2,RAD51C,RABAC1,RHOG,RNF11,SART1,PTPRE,RNF138,RASSF3,PTPRM,SGCB,PYHIN1,,,,,,
,,,,,,,,,,,,RRAGD,SKAP2,RPL24,PTGER3,RABGAP1L,SAG,RAB4A,RGL2,SCAF8,RAP1GAP2,RAB13,RDH5,SCGB2A2,PPCS,PTGS2,SIM1,REEP5,RUNX3,RAP2A,RP9,S100B,SLC25A30,RBMS2,RASGEF1B,RIOX1,PRDM5,RPAP2,RNF114,SPRY2,SH3BGRL2,SOAT2,TAGLN,RRP12,SNTB2,SLC2A3,ST6GALNAC1,TAPT1,SLCO2B1,RNF123,TINF2,TADA3,POLR3C,RACGAP1,PUM3,PAK4,PSME3IP1,SGPP2,SDC2,PRKAR1B,PPHLN1,RDH16,RAF1,RGMA,RNASEH1,RTTN,SCAF1,PTPRM,RNFT2,REXO4,RASAL3,SHISAL2B,RBBP8,,,,,,
,,,,,,,,,,,,RUNDC3B,SLC16A6,RPL3,PTPDC1,RBAK,SCN9A,RAB8A,RGS14,SCN4B,RAPGEF2,RAB8A,RIMS3,SERINC3,PPP1R7,RAB18,SIRT4,S100P,SCARF1,RASL11B,RPL37A,SAP30,SLC25A36,RGCC,RBIS,RIOX2,PRORP,RPLP2,RNF14,SRGAP3,SLC26A11,SPRED2,TASOR2,SATB1,SNX32,SLC35A5,ST8SIA6,TARS1,SNAP23,RNF19A,TMEM44,TBC1D13,PPM1A,RFC4,PUS7L,PARP8,PTRH2,SHISA2,SDHA,PRPF39,PPWD1,RHEBL1,RARRES1,RHEBL1,RNF4,SAFB,SCO1,RAD54L2,RPL13AP20,RMDN2,RBMS3,SLC43A2,RDH10,,,,,,
,,,,,,,,,,,,SCARB1,SLC20A1,RTRAF,PTPRM,RGS2,SCO1,RAB8B,RIMBP2,SDF2,RAPGEF5,RAC3,RIPOR2,SERPINI1,PRKCI,RAB4B,SLC26A4-AS1,SDF4,SCPEP1,RMDN3,RPLP0,SECTM1,SLC36A4,RNASEL,RGS14,RLF,PTPN23,RWDD4,RNF214,SULF2,SLC41A2,SQLE,TBX6,SEMA4B,SOAT2,SLC35B4,STAMBPL1,TBC1D16,SNX13,RNF19B,TMEM67,TCF3,PPP1R21,RGCC,RAB38,PATJ,RAB11B,SLC12A5,SELPLG,PSMA4,PRKCI,RIGI,RBM44,RHOU,RPLP0,SAP30,SEC63,RALGPS1,RPL13AP3,RPIA,RDX,SLC7A8,RHBDF2,,,,,,
,,,,,,,,,,,,SCARNA2,SLC35B4,SAMSN1,QRICH1,RIMKLB,SDE2,RARA,RIMS3,SF3B4,RAPGEF6,RBCK1,RNF19A,SETD4,PRKDC,RALA,SLC35F2,SERF2,SDSL,RND3,RPS6KA3,SETDB2,SMC1A,RNF31,RILPL1,RNF187,RAB1A,SCN8A,RTP4,SYNJ2,SLC49A4,STAU2,TGIF1,SERP2,SRGAP3,SLC39A10,STMN1,TBRG1,SNX29,RRP8,TNFAIP3,TDP1,PRKAB2,RITA1,RBM28,PCDH1,RAB35,SLC13A1,SGO2,PTMS,PRODH,RNASE6,RCC1,RIT1,RUVBL2,SEPTIN11,SHC1,RASAL3,RPUSD4,RPL14,REEP5,SLC8B1,RHOJ,,,,,,
,,,,,,,,,,,,SCN2B,SLC39A11,SASS6,RAPGEF3,RIPOR2,SEL1L3,RASSF3,RNASE4,SH3KBP1,RASGRF2,RCC1,RP1L1,SH3GLB1,PRMT1,RAPSN,SLC35F3,SGSM3,SECTM1,RNF167,RRN3,SH3TC1,SMIM15,RPE,RIN3,RRP1B,RAD54B,SEPTIN9,SAP30,SYTL2,SOCS1,SV2C,THBS3,SESTD1,ST3GAL4,SMYD4,SYNPO,TCF12,SNX30,RSRC1,TNFRSF10B,TET1,PTGDR,ROPN1L,RBPJ,PDK1,RAB39B,SLC25A26,SHMT1,QRICH1,PRR9,RNASET2,REEP4,RNASET2,SERBP1,SEPTIN8,SLC36A4,RBMS3,SCGB2A1,RPL23A,RHBDF2,SMARCA2,RIPK3,,,,,,
,,,,,,,,,,,,SDC4,SLC7A1,SERF2,RCBTB1,RPS27L,SEMA5A,RBM17,RNASEL,SIK3,RASGRP2,RCSD1,RTN1,SHISAL2A,PRPS1,RBCK1,SLC38A11,SIGLEC17P,SERPINB8,RPL4,RTKN,SLAMF8,SMIM7,RTCA,RNGTT,RUVBL1,RALGDS,SH3D21,SCN5A,TACC1,ST3GAL2,SVOP,TINF2,SH3BP5,STIMATE,SPI1,TANC1,TCOF1,SNX5,RTF2,TNKS,TFDP1,PTTG1,RPS6KC1,REXO2,PER1,RBM12,SLC25A39,SKA3,RAD1,RAB39B,ROMO1,RFC3,RND3,SETDB1,SGTA,SLC48A1,RBMXL3,SELL,RSBN1,RIPK3,SNORA50A,RNF135,,,,,,
,,,,,,,,,,,,SDCBP2,SLC9A8,SGIP1,RGS9,S100PBP,SHC4,RBM25,RRAGD,SIRT3,RFX1,RGS14,SAA1,SLAIN2,PTGER2,RGMB,SLC46A3,SLC26A6,SGCZ,RPN2,SCFD2,SLC25A22,SMYD4,SAMD9L,RPL13,SEC11C,RBM41,SIPA1,SETDB2,THEMIS2,ST6GALNAC1,TADA3,TMEM54,SIAH3,STXBP5,SPICE1,TCF7,TFAM,SPP1,RUNDC1,TOM1,THEMIS,RERE,RSPH3,RGR,PEX13,RHOG,SLC30A9,SLC16A14,RBIS,RALBP1,RPL13A,RHOG,RPL13A,SFMBT1,SIRT4,SLC6A6,RC3H1,SEMA4C,RSL24D1,RMDN3,SNORA5C,RNF166,,,,,,
,,,,,,,,,,,,SH2B2,SLC9A9,SGK1,RIBC2,S1PR4,SLAMF1,RNF220,RTP4,SLC19A2,RGL2,RNF32,SCT,SLC41A3,PWWP2A,RGS17,SLC7A13,SLC35D1,SH3BP5,RPRD1B,SDHA,SLC28A2,SNRPD2,SAP30,RPL36,SLA2,RBM6,SLC12A2,SFN,TIGIT,ST6GALNAC3,TFDP1,TMEM63B,SIPA1L2,SULF2,SPPL3,TDRKH,TMEM150A,SPTLC2,SAC3D1,TRAF1,TIPIN,RET,S1PR4,RGS14,PHF23,RIF1,SLC5A8,SLC22A4,RENBP,RASAL3,RPL38,RNF4,RPL18A,SFTPD,SIRT7,SLC8B1,RCVRN,SERPINE2,SAYSD1,RNF135,SNTG2,ROCK1P1,,,,,,
,,,,,,,,,,,,SH2D2A,SMIM8,SLAMF8,RIMKLA,SDHAP2,SLC25A36,RRAGA,SELP,SLC6A2,RGS14,RNH1,SELP,SLC6A14,RAB4A,RIMKLB,SORBS3,SLC47A1,SHC3,SAP30L,SIRPA,SLC29A3,SPRED2,SFN,RPS14,SLC25A51,RHOT2,SLC27A2,SGSH,TMBIM1,SYNE2,THEMIS,TNFAIP3,SLC25A23,SYTL2,SYNRG,THEM4,TMEM154,SRGAP2,SGCE,TRAF3,TMED8,RFK,SAE1,RGS6,PIGC,RNF157,SMIM19,SLC32A1,RFTN1,RBM38,RPL39,RNPEP,RPL39,SGO2,SLC39A2,SLFN13,RHOC,SESN3,SCAND2P,RNF166,SNX16,RUBCN,,,,,,
,,,,,,,,,,,,SLC16A3,SMYD3,SLC15A3,RPL27,SESN1,SLC27A2,RTL8C,SERTAD4BP,SLC7A1,RIGI,RP1L1,SERPINB1,SMC1B,RAP1GDS1,RNF149,STAP1,SMG1P1,SIL1,SCO1,SLC35A4,SLC30A6,SPTSSA,SHARPIN,SAPCD2,SLC35E2B,RNASET2,SLC35F6,SH2D5,TNFRSF18,SYNPO2,TM7SF3,TNFRSF10B,SLC41A2,TAFA3,SYT11,TMEM176A,TOMM20,STAB1,SLC35F5,TRIM42,TMPO,RGS2,SAMD11,RPN1,PLCG1,RNGTT,SMPD3,SLC48A1,RIC8A,RER1,RPS15A,RWDD2B,RPS27,SH3BGRL2,SLC5A1,SMARCA5,S1PR5,SFMBT1,SCCPDH,RNF19A,SPART,RUNX3,,,,,,
,,,,,,,,,,,,SLC25A41,SND1,SLC22A2,RTKN,SIRT2,SLC30A4,S100A10,SGK1,SLC7A3,RIPOR2,RPS6KB2,SH3BGRL2,SPA17,RB1CC1,RSAD2,STEAP2,SNRNP200,SIPA1L1,SDHC,SLC36A4,SLC49A4,STT3B,SHC4,SDHAF1,SLC35F6,RND1,SLC36A1,SIGLEC1,TNFSF13B,TARS2,TNFSF10,TNFRSF18,SLC7A8,TBL1XR1,TAF6,TMEM176B,TOP2A,STOM,SLC35G1,TTC19,TMX1,RGS20,SAMD14,RPTOR,PNPT1,RPS6KA3,SNAPC1,SLITRK6,RMND1,RETREG2,RPS27,RYK,RPS6KA5,SKA3,SLC5A2,SMPD5,SASH3,SFXN1,SEH1L,RTL5,SPATA6,RYR2,,,,,,
,,,,,,,,,,,,SLC25A51,SNHG11,SMIM8,SBSPON,SLC26A11,SLC39A14,S100A6,SH3RF3,SLFN12L,RPRD2,RPUSD1,SH3RF2,SPRR2B,REEP5,RTP4,SYCP2,SNX17,SLAMF8,SETD1B,SLC48A1,SLC7A2,SVIP,SIGLEC1,SIGIRR,SLC36A4,RNF150,SLC38A3,SLC25A22,TRAF2,TDRKH,TRIM42,TOR1AIP2,SMAD7,TGM7,TAOK3,TRAT1,TTC39C,TBXAS1,SLC39A10,TUT1,TNFSF10,RNASE4,SAPCD2,RRBP1,POGLUT2,RUFY1,SNX13,SMARCC1,RPL24,RGS14,RPUSD3,S1PR3,RTP4,SLAMF1,SLC6A17,SNRPB2,SCARNA17,SGTB,SELP,RUNX3,SPPL2B,SEC14L1,,,,,,
,,,,,,,,,,,,SLC2A1,SOCS3,SOCS7,SCD,SMAD7,SLC45A4,S1PR1,SLC14A1,SMARCA5,RSBN1,RXFP1,SLC22A7,SPRY4,RIOK2,RXRG,TAF4B,SNX30,SLC12A7,SKP2,SLC4A7,SLC9A3,SYS1,SLAMF6,SIPA1,SLC39A6,RNMT,SLC43A2,SLC30A6,TRAF3,TGM2,TTC39C,TRA2A,SNAI3,THEMIS,TBC1D7,TREML2,TTC7B,TENT5C,SLC52A3,TUT7,TONSL,RTP4,SEC14L1,SCD,POMGNT1,SCAI,SOCS6,SMIM3,RPL38,RHOG,RTP4,SCARB2,S100A10,SLC15A2,SLCO4A1,SNX9,SIGLEC14,SHLD1,SFXN1,RXRA,SSBP2,SEC24C,,,,,,
,,,,,,,,,,,,SLC35G3,SPIN3,SORCS3-AS1,SCTR,SMIM14,SMIM13,SAFB,SLC22A8,SNAPC1,S100A4,RYR1,SLC27A5,SRPK3,RNF20,SAMD9L,TCL1B,SORT1,SLC16A11,SLC16A1,SMDT1,SLFN5,TAF3,SLAMF8,SLC12A9,SLC5A6,RSBN1,SLC6A1,SLC49A4,TRIM8,TMEM176A,TWIST1,TRAF1,ST8SIA1,TMEM104,TBCK,TRIB2,TUFT1,TGFB3,SNAP23,UPB1,TOP2A,RUNX2,SEPTIN1,SELENOS,PPIP5K1,SCN4B,SOX18,SNRPC,RPL41,RIDA,S1PR4,SCLT1,S1PR4,SLC22A15,SLFN12,SOCS3,SIK2,SLC26A11,SGTB,SEMA4A,STK17B,SESN3,,,,,,
,,,,,,,,,,,,SNHG7,SPINT2,SOWAHB,SFI1,SNPH,SPPL2A,SAT1,SLC26A5,SNX32,S100A6,SEC14L2,SLCO1B3,ST7-AS1,RNFT1,SCARF1,TCP10L,SPINT2,SLC22A15,SLC19A2,SMIM13,SNX2,TAF5L,SLC18A1,SLC13A2,SLC7A6,SAMSN1,SLC6A14,SLFN12,TRPC1,TMEM176B,UCK2,TRIM39,STAMBPL1,TMEM163,THAP11,TRIM25,USP24,TGS1,SNN,USP31,TRIM21,SERPINI1,SERINC5,SEMA7A,PRF1,SEMA6A,SPATA7,SON,RPS27,RNF40,SARM1,SELENOH,SAMD5,SLC25A46,SNRPF,SPATA1,SLC23A2,SLC40A1,SH3RF3,SFXN3,SUCLA2,SH2B3,,,,,,
,,,,,,,,,,,,SPINDOC,ST20-AS1,SP3,SGF29,SORBS3,STAB1,SDHC,SLITRK1,SNX9,SAMTOR,SGK1,SMAD6,STXBP5-AS1,RPA1,SCML1,TMEM125,SPTAN1,SLC2A3,SLC25A14,SMIM15,SOCS1,TARDBP,SLC28A2,SLC2A1,SLF2,SCN5A,SLU7,SMAD1,VOPP1,TMEM255B,UPB1,TTC19,STARD8,TMEM37,THOC5,TRPM6,XAF1,THEMIS2,SNUPN,USP53,TRIM65,SFT2D2,SGCD,SKIL,PTK2B,SEPTIN9,SPICE1,SPATS2L,RPS3,RSPH3,SCN2A,SELENOP,SBK1,SLC2A4RG,SNX20,STX6,SLC25A22,SMAP2,SLC25A37,SH2B3,SUCLG2,SH2D2A,,,,,,
,,,,,,,,,,,,SPTLC3,STAU2,SPCS1,SGTB,SOX6,STX11,SEC61G,SOCS2,SOS2,SAPCD1,SIDT1,SMAD9,TAF7L,RSAD1,SECTM1,TMEM147,STK11,SND1,SLC38A1,SNRPA1,SOST,TASP1,SLC7A8,SLC6A13,SMIM7,SCRN2,SLURP1,SMIM3,VSIG10L,TMEM50A,VCAN,TUT7,STT3B,TMTC3,THUMPD2,TXLNA,XPO7,TIMP2,SNX8,USPL1,TSC2,SH2D1A,SLC18B1,SLC12A3,PYGB,SETDB1,SPINK4,SPIDR,RPS9,S100A6,SDS,SEPTIN1,SCAMP5,SLC36A4,SNX25,SUCO,SLC25A43,SNED1,SLC40A1,SH2D2A,SUCLG2P2,SH3BGRL3,,,,,,
,,,,,,,,,,,,STARD10,STX8,SPRYD7,SH2B2,SPON1,SYNE4,SERTAD2,SOCS3,SRP54,SCG5,SLC12A9,SMG1,TAL1,RYK,SERPINB2,TMEM253,STRADA,SOAT2,SLU7,SNRPB2,SPAG6,TCF12,SPATA18,SLC7A1,SNAP23,SELENOK,SMAD5,SMS,XYLT1,TRAT1,WNT5B,UHRF2,SYNPO,TNFSF13B,TJP3,TXNDC16,ZBTB33,TLR3,SRP54,VPS37B,TSPYL4,SH3D19,SLC25A17,SLC19A1,RASEF,SHMT1,SPSB1,SPTSSA,RTCA,SCRN2,SERINC4,SFMBT1,SCAND1,SMARCA5,SNX30,SWI5,SLC2A4,SORBS3,SLC7A8,SH3BP2,SUMF1,SHKBP1,,,,,,
,,,,,,,,,,,,STARD4,TAF3,SRPRA,SLC16A11,ST3GAL5,SYT5,SETD1B,SPDYA,STAT4,SDC4,SLC16A9,SNPH,TENM1,SAYSD1,SFXN2,TMEM26,SURF1,SSTR5,SMCO4,SOCS6,SPATA18,TCP1,SPHK2,SLC7A6OS,SNHG8,SEMA4G,SNAP23,SNTB1,ZAR1,TRPM6,XK,VAMP2,TANC1,TRAF5,TMTC4,UBE3D,ZC3H14,TLR7,SUCLG1,WNK1,TTYH3,SIGIRR,SLC25A33,SLC2A12,RBMS2,SLC10A3,SRSF11,SREBF2,SAG,SEPTIN14,SERPINB1,SH3BGRL,SDHAF1,SMDT1,SP3,TAP2,SLC4A4,SPTBN1,SMAP2,SHKBP1,TCF7L2,SHMT2,,,,,,
,,,,,,,,,,,,STPG1,TANC2,STX7,SLC17A7,STK38,TAFA4,SIDT1,SPOCK2,SYNJ2,SDCBP2,SLC18A2,SNX29,TEX26,SCD,SIPA1L1,TTTY2,TAPT1,ST20,SMCR8,SPRING1,ST14,TCTA,SSTR3,SNORD104,SNX8,SERPINB2,SRP14,SOCS1,ZBTB25,TTBK1,YBX3,VEGFA,TBL3,TTC39C,TRAPPC1,VAX2,ZDHHC20,TMBIM4,SURF2,ZBTB43,VPS13C,SIK1,SLC8A2,SLC5A4,RHBDL2,SLC16A6,SSR3,SRP54,SAR1A,SEPTIN6,SHF,SH3BGRL2,SERPINB1,SMPD4,SPATA13,TBXAS1,SLC6A6,SULT1B1,SMG9,SIK2,TENT5A,SLAMF1,,,,,,
,,,,,,,,,,,,SYTL3,TANGO6,TAF5L,SLC39A2,SUN2,TGFBRAP1,SLC14A1,SSH1,TAF13,SERPINI1,SLC31A1,SORL1,TEX36,SDF4,SLC2A3,TUBGCP4,TKT,STARD8,SMG8,SRP54,ST8SIA1,TEX30,ST14,SREBF1,SPSB3,SET,STARD7,SPATA18,ZBTB38,TXK,ZBTB32,VPS37B,TCF7,TTC7B,TXNDC16,VIPR1,ZEB1,TMCC3,TBC1D19,ZBTB46,VRK3,SKA3,SLN,SNX10,RIGI,SLC29A2,ST8SIA6,SRSF5,SDHC,SETD1B,SLC16A7,SKA3,SETD4,SNHG32,SPATA4,TEFM,SOX13,SYNE3,SNORD114-6,SIK3,TEX9,SLC28A3,,,,,,
,,,,,,,,,,,,TAAR5,TASP1,TAP1,SLURP1,SYNE2,THNSL2,SLC22A5,ST8SIA4,TAGAP,SH3BGRL2,SLC4A3,SOX7,THEMIS,SHPRH,SLC39A11,TULP4,TM7SF3,STAT1,SNX18,STRAP,STARD3,TFDP2,STARD3,SRPK2,STAC2,SGSH,STMN3,SPRR3,ZBTB7A,UPP1,ZBTB38,WNK1,TCOF1,TYK2,UBLCP1,WDR46,ZHX2,TMEM176A,TBC1D7,ZC3H12A,WEE1,SLC25A20,SMCO4,SNX24,RIPK4,SLC37A3,STARD10,SSX2IP,SENP5,SH2D5,SLC19A1,SLC16A1,SLC13A1,SNRPA1,SRC,TEX261,SP140,TAF9B,SPPL2B,SLAMF1,THEMIS,SLC37A1,,,,,,
,,,,,,,,,,,,TBCD,TBC1D5,TAPBPL,SNX20,SYNJ2BP,TIMM29,SLC25A30,STMND1,TATDN1,SLAMF6,SLC7A4,SOX8,TIGD4,SIGLEC17P,SLC5A9,ULBP2,TMEM121B,SUB1,SPAST,STT3B,STAT2,THBS1,TAL1,SRRD,SYS1,SHMT1,SYCP3,ST8SIA2,ZCCHC9,UROD,ZEB2,WSB1,TDRKH,UBR3,UBQLN2,WWP1,ZNRF1,TMEM86A,TBC1D8B,ZFAND2A,XK,SLC25A25,SNAPC5,SSR4,RNF103,SLPI,SULT1B1,STAT1,SEPTIN8,SIRT2,SLC26A6,SLC25A13,SLC16A7,SPMIP4,SRCIN1,TICRR,SP2,TAPT1,ST13P5,SLC6A6,TIMP2,SLC4A11,,,,,,
,,,,,,,,,,,,TESK1,TECPR1,TAPT1,SOX1,TBC1D10C,TINAG,SLC29A4,SWAP70,TEX15,SLC14A1,SLIT1,SPHKAP,TMEM170B,SLC25A36,SP140L,VPS18,TMEM147,SVOP,SPRTN,SUPV3L1,STAU1,TIMM21,TAP1,SSH1,TADA3,SLC15A1,TAFA1,STAT1,ZEB2,VAX2,ZFAND4,YTHDC1,TGFBR3,UPF3B,UBQLN4,ZHX3,,TNFRSF4,TBC1D9B,ZSCAN18,XPO7,SLC25A45,SORCS1,STK10,RPLP2,SMIM7,TAF13,STRBP,SERPINB7,SLC25A11,SLC35D2,SLC35A3,SLC17A7,SRBD1,SRI,TM9SF4,SPEF2,TCEA3,STK26,SLCO3A1,TMEM229B,SLC6A15,,,,,,
,,,,,,,,,,,,TFPI,THADA,THADA,SOX7,TBCD,TLE4,SLC2A3,SYP,TFB1M,SLC35B3,SLITRK3,STIM1,TMEM232,SLC6A6,SS18L2,VPS9D1,TMEM14C,SYNPO,SYAP1,SVIL,STPG3,TIMM9,TAP2,ST3GAL2,TAF6,SLC16A14,TANGO6,STAT2,,WDTC1,ZFPM1,ZC3H12A,TIMELESS,VAMP3,UBTF,ZNRF1,,TPST1,TEFM,ZSWIM4,YEATS2,SLC6A20,SSBP2,STX11,RPS27,SMTN,TBX21,STRN,SH2D1A,SLC37A3,SLFN5,SMARCA5,SLC2A9,SSBP4,ST13,TMEM241,SPN,TCP11L2,SUCLG2P2,SLFN11,TMEM263,SLC7A11,,,,,,
,,,,,,,,,,,,TGM1,THOC1,TIRAP,SOX9,TECPR1,TLR3,SMN1,SYT4,TGIF2,SLC9A9,SMCO1,SYNE2,TPM2,SNX1,SSR3,XPA,TMEM176A,TCF7L2,TACC1,SVIP,STXBP1,TM6SF1,TAX1BP1,ST6GALNAC5,TANGO6,SLC17A3,TCEA3,STXBP3,,ZBTB20,,ZC3HAV1,TMEM176A,VSIG10L,UROS,,,TRAPPC2,TGFB1,ZSWIM6,ZBTB45,SMAD4,SSH2,SYNGR2,RREB1,SNRPC,TCEAL8,SUCO,SLC1A5,SNRNP25,SMURF2,SMC5,SLC5A11,STARD9,ST3GAL6,TMEM273,SRF,TESPA1,TBRG4,SLFN12L,TMEM38B,SMC4,,,,,,
,,,,,,,,,,,,TIGAR,TMEM135,TLR1,SPIC,TEPSIN,TMEM218,SPOP,SYTL1,TIMM17B,SMAP1,SMPD5,SYT1,TSPAN6,SOCS6,STAP2,XXYLT1,TMEM52B,TINF2,TAF3,TAF6,SUSD6,TMEM126A,TENT2,STAT6,TARBP2,SLC38A2,TEK,SVBP,,ZNRF3,,ZFAND2A,TMEM176B,WDR81,USP25,,,TRAPPC2L,THYN1,,ZC3H4,SMG6,TAX1BP3,TAF4B,RRP36,SNX13,TCOF1,TACC1,SLC25A28,SNRPC,SNX33,SMDT1,SMIM30,STRAP,STARD6,TMEM40,ST3GAL4,THBS4,TCEA3,SLFN13,TMOD2,SP140,,,,,,
,,,,,,,,,,,,TLCD3A,TNIK,TMEM176A,SYT2,TFPI,TMEM237,ST3GAL4,TAFA3,TLCD1,SMC6,SNAI3-AS1,TFEC,TTC23L,SPINT2,STARD4,ZBED1,TMEM71,TJP1,TAX1BP3,TAF9,SYT1,TMEM62,TFG,STUB1,TCHH,SLFN12L,TEX22,TBC1D13,,,,ZUP1,TMEM50B,XCL1,USP45,,,TREM2,TMEM51,,ZDHHC6,SPIN1,TERF1,TBC1D14,RTCA,SPRTN,TEP1,TAFAZZIN,SLC28A2,SOX8,SPACA9,SMPD4,SPMIP10,SUPT16H,STK32A,TMEM86B,STAT4,TIMD4,TECPR1,SNRNP200,TOM1L2,SSTR5-AS1,,,,,,
,,,,,,,,,,,,TMEM120A,TNRC6A,TMEM176B,TBCCD1,TLE4,TMEM74,STAMBP,TAS1R3,TMEM167A,SMPDL3A,SOWAHA,TLL1,TTC38,STMP1,STARD8,ZDHHC12,TMT1A,TKFC,TERF2IP,TARS1,TAP1,TNFRSF9,TGM4,STYXL2,TM6SF1,SOCS5,TEX47,TBX3,,,,,TMOD2,XRN1,VPS45,,,UBASH3B,TNFSF9,,ZFP41,SSH2,THBS3,TCF20,RTL8C,SRSF1,TESK1,TARS2,SLC30A1,SPACA9,SPRY1,SSX2IP,STOML3,TCEANC,STX12,TNFAIP6,TACC1,TLK1,TESPA1,SNX24,TOP1MT,ST8SIA1,,,,,,
,,,,,,,,,,,,TNFRSF10B,TPK1,TMEM192,TBX19,TMEM191A,TMPRSS3,STK11,TBC1D14,TMEM184C,SORL1,STOML2,TM4SF20,TTTY12,SUCLA2,STAT1,ZNF197,TNFRSF18,TLNRD1,TEX264,TEX30,TAPBP,TRMT61A,TICAM1,SUPT3H,TMEM62,SPATA18,THOP1,TCAP,,,,,TNFRSF25,YPEL5,XPNPEP1,,,UBC,TNIP1,,ZMPSTE24,ST7L,TIE1,THEMIS2,SAR1A,SSX2IP,THUMPD1,TCF3,SLC35G1,SPG11,SPRY3,STAC2,STS,TICRR,TAFAZZIN,TOMM70,TACR1,TMEM120B,TEX9,SNX33,TRABD2A,STAT5B,,,,,,
,,,,,,,,,,,,TNFRSF10D,TRERF1,TMEM86A,TERB2,TMEM94,TPH2,TBC1D10A,TBC1D20,TMEM41B,SPACA1,SUN3,TMEM17,UBE2NL,SUOX,STAT2,ZNF225-AS1,TNFRSF4,TLR6,THAP1,TFB2M,TBC1D13,TRUB1,TLK2,TAMALIN,TNFAIP1,SRD5A2,TIMM17B,TENT5A,,,,,TPD52,ZBTB38,XPO6,,,UBL3,TRMT2A,,ZMYM3,ST8SIA4,TIFA,TIMM10,SARS1,SSX5,TMEM181,TFDP1,SLC48A1,ST8SIA2,ST6GALNAC1,STARD9,STYK1,TLCD3A,TBL1XR1,TOR1A,TBC1D2B,TMEM201,TGFBR2,SPIRE1,TRIM2,STOM,,,,,,
,,,,,,,,,,,,TNFRSF11A,TSEN2,TMF1,TFAP2C,TNFRSF10B,TRHDE,TCF25,TBC1D30,TMEM62,SPOCK2,SYT12,TMEM31,UGT2B4,SYNJ1,STING1,ZNF253,TNRC6B,TMED9,TIMM29,THOC7,TBRG1,TTL,TLR3,TCIRG1,TPD52L1,STXBP3,TMEM104,THNSL2,,,,,TREML2,ZDHHC15,XRN1,,,VPS35,TSPYL2,,ZNRF2,STAG2,TMEM129,TLE3,SEC24D,STIM2,TMEM192,THAP12,SLC7A8,STC2,STX8,STRAP,TCN2,TMEM38B,TGM3,TRAFD1,TBC1D31,TMEM45B,TMEM39B,SPN,TRUB1,SURF4,,,,,,
,,,,,,,,,,,,TNFSF4,TSPYL5,TNFRSF13B,THEM6,TNNI2,TSPAN6,TIMM10B,TCF7L1,TNFSF8,SRPK2,TAFA2,TMTC2,UNC5CL,TAPT1,STX3,ZNF324,TRAK1,TMEM255B,TMED4,THUMPD1,TBX6,TTLL4,TMEM100,TDP1,TRMT10C,TCIRG1,TMEM50B,TLR1,,,,,TRIB2,ZEB2,ZBTB3,,,ZNG1A,TXNDC9,,,STMN1,TMEM40,TLR7,SEC63,STYK1,TMPO,TIAM1,SMG1,STIM2,STXBP3,STX18,TIFA,TMPO,TIAM1,TRAK1,TBXAS1,TNFRSF10D,TNFRSF10D,ST3GAL4,TTPAL,SUSD6,,,,,,
,,,,,,,,,,,,TPI1,UBASH3B,TNS3,TLE2,TP53INP1,TTC3,TMC4,TECPR1,TRAPPC2B,STK10,TENM1,TNRC18,USP35,TKT,TAFA5,ZNF467,TRAPPC12,TNF,TMEM170B,TMEM208,TCEANC2,TUBGCP2,TMEM108,TEC,TSFM,TECTB,TNFRSF19,TMCO3,,,,,TRMT1,,ZBTB8A,,,,TYK2,,,SVIL,TMEM54,TM9SF2,SHARPIN,SYNDIG1,TMPRSS2,TIMM17B,SMPD2,SUV39H2,STYK1,SUCO,TLR2,TOE1,TIMM50,TRIB1,TCF12,TNNC1,TOP1MT,ST8SIA1,UBAC2,SYN2,,,,,,
,,,,,,,,,,,,TPTE2P1,UBIAD1,TRAF3,TMEM177,TSC22D3,TTC9C,TMEM167B,TFAP2D,TRIB3,SWAP70,TLN1,TNRC6C,UTP25,TMEM14C,TAP1,ZNF665,TRIB2,TP53AIP1,TMEM65,TMEM259,TCHHL1,TXNRD2,TNFRSF17,TELO2,TSGA10,TFEC,TNP1,TMEM17,,,,,TRPM6,,ZNRF2,,,,TYW1,,,TACC1,TMEM9B,TMCC2,SIRT4,TBC1D9B,TNFAIP1,TIMP2,SNX21,SVIL,SULT1A1,TBC1D31,TMEM255A,TOMM40,TLE4,TRMT10C,TCF7L2,TPCN1,TPST1,STAT5B,UCP2,SYT11,,,,,,
,,,,,,,,,,,,TRAPPC3L,UBL3,TRAFD1,TMEM191C,TSPOAP1,TTLL7,TMEM81,TIAM1,TRMT10A,SYNE1,TMEM121B,TOX2,WDR76,TMEM53,TMCO2,ZNF669,TSPAN33,TPMT,TMEM87A,TMEM42,TDRD7,TYSND1,TOR3A,TIFAB,TSPAN6,TLR1,TPM2,TMEM201,,,,,TUSC1,,,,,,UBTD1,,,TANGO2,TMIGD1,TMCC3,SLC25A28,TEKT1,TPH1,TMA16,SOCS7,TATDN2,TBC1D17,TEX9,TMEM258,TRMT13,TLR1,TRPM7,TCIRG1,TPP2,TRABD2A,STK40,USP53,SYT16,,,,,,
,,,,,,,,,,,,TRIAP1,UCP2,TRAPPC8,TMEM200A,TTC9,UBR1,TNRC6B,TMCC3,TTC19,SYTL2,TMEM161A,TTC17,WDR77,TRMT61B,TMEM207,ZNF705G,TTC9C,TRIM21,TMEM97,TOM1,TENT5A,UBA2,TP53I11,TIMELESS,TTC4,TMEM268,TRIM40,TMOD2,,,,,TXK,,,,,,UMPS,,,THBD,TNKS2,TMED5,SLC48A1,TGM3,TRAK2,TMBIM4,SRFBP1,TBC1D31,TCN2,THAP1,TMEM270,TUBD1,TMEM171,TSC22D3,TGFB3,TRABD2A,TRMT2B,SUSD6,WDR73,TANK,,,,,,
,,,,,,,,,,,,TUBA4B,URB2,TRDMT1,TMEM30A-DT,USP35,UMOD,TOX,TMEM164,TUSC1,TECPR1,TMEM231,TTLL7,XKR6,TSN,TMEM39A,ZNF76,TTLL12,TSPEAR-AS1,TMTC3,TOPBP1,TGFB2,UBP1,TRAFD1,TIMM13,USF2,TMOD2,TSPAN6,TMOD3,,,,,UBAP2,,,,,,UQCC6,,,TINF2,TPX2,TMEM50B,SMOC2,TM9SF3,TRIAP1,TRAPPC6A,SS18L1,TIMM17B,TLR2,THOC6,TMEM71,TUBGCP2,TMEM270,TSPOAP1,THBS1,TSHR,TSEN2,SYTL3,ZC3H12B,TBX21,,,,,,
,,,,,,,,,,,,VEGFA,USP51,TTC38,TMOD1,VAMP1,UNC45B,TP53,TMEM25,TXNL4B,TMEM154,TMOD2,UCN2,ZDHHC8BP,TTC9C,TMEM87A,ZNF766,TUBG1,TUBA4B,TNFRSF12A,TPM2,THSD7A,UCHL5,TWIST1,TJP3,USPL1,TNF,TXLNB,TNFAIP3,,,,,UTP25,,,,,,UTP11,,,TMC7,TRAF3IP3,TMEM91,SPATC1L,TMEM181,TRPV4,TREML2,SSPN,TMEM209,TMEM108,TINF2,TNFAIP2,TWF1,TMEM31,TTC39B,TMEFF1,TSPAN18,TSPAN32,TBXAS1,ZC3HC1,TEPSIN,,,,,,
,,,,,,,,,,,,VNN3P,USP7,TXNL4A,TRARG1,VAMP2,USP38,TPP2,TMEM80,TYW5,TMEM31,TRAIP,UGT2B15,ZFP28,TYW3,TNF,ZNF804B,UBAC2,TXNDC11,TNKS2,TRIM3,TLR1,USP37,TWSG1,TMEM119,WDR24,TNFAIP3,TXN,TNFSF13B,,,,,VAX2,,,,,,UXS1,,,TMEM183A,TRIM60,TNFRSF13C,SPNS1,TMEM202,TSR1,TRIM28,STARD10,TMEM52,TMEM270,TMEM165,TNFAIP8L2,UBE2N,TMEM62,TXNIP,TMX4,TTC27,UBASH3A,TENT5C,ZFAND1,TGFB1,,,,,,
,,,,,,,,,,,,WRAP53,UTRN,UBAC2,TSPAN17,VNN3P,UTRN,TRAF4,TMEM91,UBA3,TMEM63A,TRPV2,UNC45B,ZMYND10,UBE2I,TNFRSF10A,ZNHIT6,UBTF,UBXN4,TOLLIP,TTC4,TLR3,USPL1,UGGT2,TMEM160,WIZ,TOGARAM1,UBR2,TNS2,,,,,WDR77,,,,,,VEGFC,,,TMIGD1,TRIR,TOX,STAB1,TNKS2,TTBK2,TRIM39,STAT1,TMEM63A,TNFRSF12A,TRAIP,TPD52L1,USP1,TNFAIP3,UBE2S,TNFRSF1A,TTF2,UBTF,TIGIT,ZFP2,TGFBR3,,,,,,
,,,,,,,,,,,,YPEL4,UVRAG,UBE2A,TSPY1,WHAMM,VCAM1,TSC22D3,TMOD4,UBE2T,TMOD4,TXNDC5,UPK1B,ZMYND12,UMPS,TRAV8-3,ZNRF2P1,UQCR10,UGT2B28,TRIM44,TTF2,TLR7,UTP4,UTY,TNFAIP6,WTIP,TOP3B,UFSP1,TOR3A,,,,,ZC3H12B,,,,,,VPS41,,,TRPM7,TTF1,TPD52,STAT5A,TP53BP1,UBE4A,TSTD2,STAT4,TRAPPC2B,TNFRSF18,TRIP12,TRIM34,USP2,TNNT1,UIMC1,TNFSF14,TTTY10,USP51,TNFAIP3,ZFYVE16,THSD1,,,,,,
,,,,,,,,,,,,ZMAT3,VPS13B,UBP1,TTC13,WNT7A,WARS2,TSHZ1,TNS1,UBXN2A,TP53I11,TYRO3,UPK3B,ZNF184,UTP18,TRIM21,ZSWIM8,USP21,UGT2B4,TTC1,TTLL4,TMCO3,VSTM2A,VWA3B,TRIP6,WWC2,TPT1,UMAD1,TREML2,,,,,ZDHHC8,,,,,,VPS53,,,TSGA10,TTK,TRIM10,STX6,TUBGCP6,UGP2,TXNIP,SUSD6,TRARG1,TPRG1L,UBA2,TRIM46,USP37,TRAPPC2L,UQCRQ,TRAF6,UBQLN1,USP53,TNIP3,ZKSCAN7,TIGIT,,,,,,
,,,,,,,,,,,,ZNF341,VPS13D,UBXN7,TYRP1,WSB1,WSB2,TSNAX,TOP3B,ULK2,TPCN1,UBAC2,UTF1,ZNF195,VPS26B,TSPYL1,,USP28,UPB1,TXNRD1,TWNK,TMED8,WDR12,VWC2,TUBA1B,XPA,TRAF6,UNC45A,TRIM25,,,,,ZFP1,,,,,,WDR20,,,TXK,TXNDC11,TRMT6,TAF4B,UBAP2,UNC13B,TYROBP,TAF4B,TTC13,TRIM3,UBA5,TSC22D3,UTP4,TRPS1,USF2,TRIM14,UBQLN2,WDR73,TOX,ZMYND8,TLN1,,,,,,
,,,,,,,,,,,,ZNF354B,VWA8,UFL1,UBQLNL,XPC,YAF2,TSPYL2,TP53I11,UQCC3,TSPAN13,UMODL1,WIPF2,ZNF512,WBP11,UBE2L6,,VASH1,USP42,UBE2A,TYMS,TMEM198,WTAP,VWC2L,TUBB6,YWHAB,TREML1,UNC50,TTC36,,,,,ZNF519,,,,,,XPC,,,UAP1,UBALD2,TSR1,TFEC,UFSP1,USP15,VASP,TBC1D9,TTI1,TRNAU1AP,UBAC2,TSHR,VCP,TRPV4,VAMP2,UBE2I,UXS1,XPO6,TP53INP1,ZNF12,TLR10,,,,,,
,,,,,,,,,,,,ZNF540,WWOX,URI1,UBXN11,YPEL2,YPEL4,TTC1,TPCN1,USP16,TTC28,UNC5A,WNT3,ZNF536,WRNIP1,UPB1,,VKORC1L1,VN1R3,UBE4B,UPF3B,TMEM248,YARS1,WARS1,UBAC1,ZBED3,TREX1,UQCRC1,UGGT2,,,,,ZNRF1,,,,,,YTHDF3,,,UBALD2,UBTFL1,TTC23L,THOC7,UHMK1,WASHC3,VPS28,TFAM,TWF2,TSC22D3,UBE2K,TSPAN3,VCPKMT,TSPAN14,VEGFA,UEVLD,WBP11P1,ZFAND1,TPTE2P6,ZNF239,TLR6,,,,,,
,,,,,,,,,,,,ZNF581,WWP2,USE1,UPP2,YPEL5,ZBED5,UBAC2,TRAF3IP1,UTP20,TUT4,UTY,WNT9A,ZNF555,ZC3H14,USP15,,VPS26B,VSIG2,USP31,USP39,TNF,YRDC,WASHC4,URI1,ZMYM1,TRNAU1AP,UROC1,USB1,,,,,,,,,,,ZBTB4,,,UBE2D2,VBP1,URI1,TJAP1,USP24,WSB1,VPS4B,TLCD3B,TXNDC12,TSPO2,UCHL5,UBE2F,VDAC1,UBTFL1,VOPP1,ULBP3,WDR81,ZNF300,TRANK1,ZNF263,TMPRSS7,,,,,,
,,,,,,,,,,,,ZNF71,XIST,USP19,VTI1A,ZER1,ZBTB40,UBE2I,TRPA1,WDHD1,UBAC2,VEGFA,XKRX,ZNF577,ZCCHC14,VPS9D1,,XPA,VWA8-AS1,UTP4,UTP4,TOR3A,ZDHHC13,WNK2,USP21,ZNF14,UIMC1,USF2,USP18,,,,,,,,,,,ZCCHC10,,,URB1,WASHC3,VAV3,TMEM131,USP37,XPNPEP1,XKR5,TMEM64,UBE4A,TTLL10,UFL1,UMOD,VPS45,UNC45A,WDR44,WDR5CP,WNT7A,ZNF391,TRIM62,ZNF419,TNIP3,,,,,,
,,,,,,,,,,,,ZNF787,XPR1,USP22,WDR64,ZFP36L2,ZBTB44,UBE2S,TSC22D4,ZBTB21,ULK2,VSTM2L,XYLT2,ZPLD1,ZCCHC9,WARS1,,ZBED1,ZNF208,VIRMA,VMP1,TRAFD1,ZFAND4,WNT2B,VAMP5,ZNF202,UNC5CL,WNT16,VAPA,,,,,,,,,,,ZCCHC24,,,USP6NL,WRAP53,VMP1,TMEM245,VAV1,XRN2,YBX3,TNK1,UBR1,TTPA,USP1,UPP1,WDR18,USP39,WDR81,YWHAH,WWP1,ZNF397,TTC22,ZNF485,TPTE2P6,,,,,,
,,,,,,,,,,,,ZNF79,ZBTB20,UTP18,ZCWPW2,ZMAT3,ZC3H12C,UBR5,TXK,ZDHHC13,UTRN,XBP1,ZBTB2,,ZDHHC3,ZBTB7C-AS2,,ZCCHC17,ZNF385C,VPS35L,WDR18,TRAPPC14,ZNF14,ZBTB2,VPS51,ZNF229,USP47,YPEL4,VLDLR,,,,,,,,,,,ZCCHC3,,,VANGL2,YWHAH,VPS13D,TNFRSF11A,VIP,ZBTB37,ZBTB22,TOR1AIP2,UBR7,USP29,USP11,USB1,WDR90,VPS33A,WWTR1,ZBTB44,ZBTB18,ZNF706,UEVLD,ZNF569,TRANK1,,,,,,
,,,,,,,,,,,,,ZBTB40,VRK3,ZFP1,ZNF222,ZFC3H1,UFD1,TXNIP,ZDHHC6,VRK3,XKR6,ZBTB4,,ZFP36L1,ZNF276,,ZER1,ZNF804B,WIPI1,WDR76,TRIM13,ZNF229,ZBTB38,VRK3,ZNF287,USPL1,ZBTB24,VPREB1,,,,,,,,,,,ZDHHC13,,,VEZF1,ZFPM1,VSIG4,TRAP1,VTA1,ZDHHC12,ZBTB8OS,TRAPPC6A,USP33,VIPR1,USP2,VKORC1,WRAP53,XPC,XPOT,ZCCHC12,ZC3H12D,ZNF726,VXN,ZNF711,TSEN54,,,,,,
,,,,,,,,,,,,,ZMYND8,WDR73,ZFP14,ZNF33B,ZNF182,VPS18,VEGFC,ZFAND3,WDR26,ZBTB12,ZFYVE28,,ZNF131,,,ZFP36L1,ZNRF2P1,ZBTB26,XRCC6,TSHZ3,ZNF266,ZFYVE26,WDR11,ZNF367,VTA1,ZDHHC9,VWC2L,,,,,,,,,,,ZFP62,,,VIRMA,ZNF22,WDFY1,TSPAN7,YJU2,ZDHHC24,ZCRB1,TRMT11,USP34,VKORC1,VDAC1,WBP2NL,XRCC6,XPNPEP2,YJU2,ZDHHC7,ZMYM3,ZNF740,WDFY1,ZNF766,TTYH2,,,,,,
,,,,,,,,,,,,,ZNF407,WDR81,ZHX3,ZNF550,ZNF189,VPS54,WLS,ZFP62,XAF1,ZBTB7B,ZNF157,,ZNF518B,,,ZNF334,,ZBTB43,YDJC,TTLL7,ZNF454,ZNF260,XIAP,ZNF526,VWC2L,ZNF569,WBP4,,,,,,,,,,,ZFTA,,,VPS4A,ZNF25,WDR45B,UBALD2,YOD1,ZFP64,ZFP36L2,TUBB6,VASP,WDR53,WDR35,WDR31,YARS1,YPEL5,ZCCHC4,ZFYVE21,ZNF215,ZNF766,YPEL3,ZNF770,USP46,,,,,,
,,,,,,,,,,,,,ZNF689,WLS,ZMAT5,,ZNF236,WDR1,ZDHHC8,ZNF322,ZCCHC18,ZDHHC8,ZNF236,,ZNF559,,,ZNF765,,ZDHHC7,ZBTB22,UBA7,ZNF569,ZNF558,XRCC6,ZNF569,ZFYVE9,ZNF605,WDR86,,,,,,,,,,,ZMAT1,,,WDR82,ZNF250,WNT11,USP45,ZCCHC14,ZKSCAN4,ZFX,TYROBP,VIM,WWC1,WDR90,XKR8,ZC3H15,ZAN,ZEB2,ZFYVE28,ZNF506,ZNF780B,YWHAH,ZNF84,UST,,,,,,
,,,,,,,,,,,,,ZNF839,XRCC5,ZNF282,,ZNF518A,XPA,ZNF608,ZNF330,ZDHHC15,ZNF43,ZNF628,,ZNF585A,,,ZZEF1,,ZFTA,ZC3H8,USB1,ZNF655,ZNF687,ZFHX3,ZNF655,ZNF143,ZNF706,WIF1,,,,,,,,,,,ZMYM3,,,YPEL5,ZNF483,ZNF281,WDR36,ZCCHC17,ZNF330,ZNF445,UGT2B17,WDR53,XKR4,ZFP91,YAP1,ZFAND4,ZNF571,ZFAND2B,ZNF16,ZNF793,ZNF84,ZDHHC7,ZNF91,ZBTB49,,,,,,
,,,,,,,,,,,,,,YRDC,ZNF398,,ZNF628,YIPF4,ZNRF1,ZNF426,ZFP36L1,ZNF580,ZP2,,ZNF664,,,,,ZFTRAF1,ZNF764,VAT1L,ZRANB3,ZNF768,ZNF593,ZNF688,ZNF438,ZNF784,ZC3H6,,,,,,,,,,,ZNF142,,,ZCCHC2,ZNF496,ZNF329,XPA,ZFAND4,ZNF546,ZNF518B,UTP20,WDR5B,ZBTB7C,ZMYM1,YIF1A,ZFP91,ZNF664,ZMIZ1,ZNF219,ZSWIM1,,ZNF335,ZP3,ZC3H12C,,,,,,
,,,,,,,,,,,,,,ZCCHC8,ZNF707,,ZRSR2,YWHAZ,ZP2,ZNF775,ZMYND11,ZNF704,ZRANB1,,ZNF700,,,,,ZKSCAN3,ZNF839,VEZT,ZXDC,ZNF804A,ZNF862,ZNF708,ZNF597,ZNRF3,ZIM3,,,,,,,,,,,ZNF81,,,ZFP36,ZNF518B,ZNF619,ZUP1,ZNF142,ZNRF3,ZNF768,WHAMM,ZBTB9,ZCCHC13,ZNF207,ZDHHC11,ZNF324B,ZNF672,ZWILCH,ZNF41,,,ZNF532,,ZEB2,,,,,,
,,,,,,,,,,,,,,ZFP90,ZYG11A,,ZUP1,ZFAND6,,ZXDB,ZNF292,ZPBP2,,,ZZEF1,,,,,ZNF319,ZNHIT3,WDFY1,ZYG11B,,,ZYG11B,,ZXDB,ZNF446,,,,,,,,,,,ZSCAN21,,,ZSCAN29,ZNF746,ZSWIM2,,ZRANB3,ZSCAN25,ZW10,ZNF385A,ZNF296,ZMYND11,ZNF280D,ZDHHC15,ZNF518B,ZNF704,,ZNF474,,,ZNF821,,ZFYVE1,,,,,,
